date,open,high,low,close,volume
2022-01-01,46211.24,47967.12,46205,47733.43,9463.6617111
2022-01-02,47733.43,47990,46633.36,47299.07,6833.49845548
2022-01-03,47299.06,47583.33,45700,46459.56,10841.81020453
2022-01-04,46459.57,47532.89,45515,45814.61,16320.32712866
2022-01-05,45817.13,47076.55,42500,43436.04,25067.67476765
2022-01-06,43446.34,43794.5,42432.99,43083.76,20780.04784989
2022-01-07,43081.79,43144.72,40571.53,41565.18,26122.19990673
2022-01-08,41564.57,42318.97,40505.3,41684.84,15454.11315131
2022-01-09,41684.84,42831.12,41209.53,41876.52,11074.22498167
2022-01-10,41876.52,42250,39650,41824.07,25232.35739583
2022-01-11,41824.06,43130,41274.8,42753.44,19697.46613255
2022-01-12,42749.84,44342.83,42459.21,43920.37,16250.21469714
2022-01-13,43921.21,44453.22,42325,42581.65,14772.09478571
2022-01-14,42576.27,43473.98,41752,43090.72,13545.75086459
2022-01-15,43090.72,43819.39,42577.35,43098.2,6318.38550193
2022-01-16,43098.2,43497.24,42600,43104.34,6481.6580227
2022-01-17,43104.34,43200,41567.64,42218.01,10963.85191034
2022-01-18,42214.66,42692.71,41287.79,42369.74,13658.50365699
2022-01-19,42372.15,42586.03,41126,41674.27,15642.41727542
2022-01-20,41672.14,43511.99,40555,40670.97,17860.82318928
2022-01-21,40671.77,41127.79,35422,36456.94,50742.89616126
2022-01-22,36456.67,36835.93,34017.56,35066.43,30044.12486365
2022-01-23,35075.7,36555.55,34625,36282.47,17440.22740453
2022-01-24,36275.28,37574.63,32933.33,36693.32,38776.29020908
2022-01-25,36687.58,37579.81,35716.15,36980,21597.52201359
2022-01-26,36980,38960,36254.97,36840.63,27403.99125336
2022-01-27,36846.22,37249,35526.36,37188.37,23601.4620954
2022-01-28,37188.37,38023.74,36162.48,37741.9,22716.16494796
2022-01-29,37741.9,38748.43,37300,38191.1,13103.19076443
2022-01-30,38189.82,38384.07,37365.31,37901.35,10632.53591257
2022-01-31,37904.99,38785.04,36640.94,38491.93,19654.98487168
2022-02-01,38492.53,39300,38021.53,38716.88,16379.93141492
2022-02-02,38714.27,38888.88,36584.29,36923.39,13787.58718711
2022-02-03,36923.39,37450.75,36259.01,37329.91,13283.28624677
2022-02-04,37324.61,41788.81,37051.36,41614.64,22537.5582634
2022-02-05,41613.75,41970,40955.4,41404.85,11187.20118795
2022-02-06,41411.59,42719.93,41135.39,42415.16,6447.88488893
2022-02-07,42416.06,44533,41678.79,43868.07,20040.49860442
2022-02-08,43868.08,45519.24,42688,44085.59,20387.64565183
2022-02-09,44087.58,44865.46,43155.5,44416.35,12785.8117079
2022-02-10,44416.39,45855,43210,43527.71,20024.52326862
2022-02-11,43521.88,43962.13,42000,42386.47,19367.4151999
2022-02-12,42386.47,43050,41750,42244.97,8664.419567
2022-02-13,42244.91,42781.96,41885.61,42074.99,6208.94093653
2022-02-14,42073.37,42876.15,41570,42548.71,14805.98338836
2022-02-15,42548.71,44775.96,42433.28,44583.52,14154.73452625
2022-02-16,44580.73,44585.69,43330.59,43895.56,9663.44040395
2022-02-17,43895.55,44195.62,40099.99,40536.73,18630.10842181
2022-02-18,40537.94,40990.9,39425.07,39983.56,16491.0130588
2022-02-19,39993.64,40469.82,39655,40101.94,6277.30201343
2022-02-20,40101.93,40146.07,38000,38389.03,10972.32175685
2022-02-21,38395.99,39506.91,36811,37023,20970.76378699
2022-02-22,37022.11,38469.06,36350,38251.48,22767.08772002
2022-02-23,38251.67,39276.85,37055,37268.19,15510.11329997
2022-02-24,37268.18,39720,34322,38347.3,42124.51876077
2022-02-25,38347.3,39716,38016.44,39238.48,20761.66924479
2022-02-26,39242.71,40300.5,38592.04,39137.8,8601.67109728
2022-02-27,39146.97,39875.71,37020,37717.08,14440.23638182
2022-02-28,37716.57,44240.77,37455.71,43192.66,25699.68423401
2022-03-01,43189.61,44993.12,42850,44439.95,22596.96095342
2022-03-02,44440,45426.45,43342.16,43912.34,17466.98591437
2022-03-03,43916.47,44096.45,41811,42464.41,19278.28224695
2022-03-04,42464.41,42524.87,38577.01,39166.51,24080.60599433
2022-03-05,39166.5,39600,38587.27,39402.43,8440.51638896
2022-03-06,39407.87,39730.5,38091.02,38408.38,10099.98545246
2022-03-07,38406.82,39556.58,37161.88,37994,19544.28414901
2022-03-08,37991.05,39376.65,37851.54,38749.38,19132.76914326
2022-03-09,38749.16,42597.84,38655.98,41953.97,24651.67344036
2022-03-10,41949.28,42053.84,38560.85,39433.71,20814.01456026
2022-03-11,39431.4,40251.51,38234.08,38732.04,15908.57521389
2022-03-12,38732.33,39472.17,38654.02,38813.02,5644.14686801
2022-03-13,38815.56,39318.19,37580.86,37793.01,8046.37612453
2022-03-14,37793.4,39906.39,37560.4,39674.17,13566.81093809
2022-03-15,39678.51,39900,38135,39298.1,14924.67641882
2022-03-16,39298.11,41717.67,38850,41127.97,22805.48259593
2022-03-17,41127.96,41486,40521,40950.33,15717.77421989
2022-03-18,40950.23,42396.04,40130,41774.98,17181.15226772
2022-03-19,41781.37,42429,41534.89,42232.26,8630.97283924
2022-03-20,42232.05,42330.1,40918.72,41287.24,7621.03036678
2022-03-21,41287.24,41578.33,40509,41017.71,10996.47661055
2022-03-22,41017.7,43389.79,40885.19,42378.26,19913.28660924
2022-03-23,42376.03,43036.95,41766.79,42899.71,13745.27563632
2022-03-24,42899.71,44241,42627.48,44012.29,21827.93263859
2022-03-25,44012.36,45130.91,43605.8,44331.85,19128.13735444
2022-03-26,44336.19,44820.58,44091.09,44539.42,7305.17827992
2022-03-27,44538.21,46950,44437.22,46850.01,10356.10317002
2022-03-28,46850.01,48240,46662.28,47144.92,18787.66318707
2022-03-29,47146.92,48124.94,46589,47454.19,15776.65108647
2022-03-30,47448.41,47717.01,46544.89,47078.03,12672.44584707
2022-03-31,47078.02,47624.09,45211,45528.45,17454.79144251
2022-04-01,45525.25,46739.24,44232.86,46296.34,18111.13598043
2022-04-02,46296.36,47219.46,45642.89,45826.27,8380.14274375
2022-04-03,45826.24,47469.4,45552.07,46422.16,8773.77185888
2022-04-04,46420.08,46900,45129.93,46596.83,13802.44111729
2022-04-05,46594.39,47200,45371.16,45506.5,14390.57308541
2022-04-06,45509.92,45523.25,43115.26,43166.7,24250.37283725
2022-04-07,43166.71,43908.58,42734.69,43452.18,13245.36612438
2022-04-08,43444.71,44000,42112,42262.02,11929.52123708
2022-04-09,42261.9,42816.38,42118.96,42766.93,4805.71689778
2022-04-10,42766.46,43443.32,41885.86,42165.96,5770.49368126
2022-04-11,42165.96,42424.14,39204.59,39535.87,17229.3729009
2022-04-12,39535.88,40705.68,39250,40086.23,13866.41847396
2022-04-13,40086.7,41570.88,39550,41146.68,11457.63380548
2022-04-14,41147.15,41512.43,39573.8,39954.08,11020.37202049
2022-04-15,39953.62,40850,39770.22,40554.58,6448.01134712
2022-04-16,40554.6,40699.99,40005,40387.6,4084.16565112
2022-04-17,40387.6,40605.46,39553.07,39683.54,4833.31493601
2022-04-18,39681.11,41100,38550,40803.58,13090.79423386
2022-04-19,40810.87,41772.94,40571.99,41503.85,10218.113707
2022-04-20,41501.56,42209.58,40900,41377.61,14609.28392672
2022-04-21,41371.88,43109.47,39744.75,40480.81,17204.35326683
2022-04-22,40483.38,40802.65,39174.8,39712.25,16871.32104798
2022-04-23,39712.2,39993.82,39296.19,39465.87,6957.16710365
2022-04-24,39459.63,39945.74,39000,39464.56,6436.45656858
2022-04-25,39463.75,40605.3,38210.24,40439.22,20515.87532995
2022-04-26,40440.9,40817.16,37700,38113.82,21648.1142493
2022-04-27,38118.43,39470,37882.83,39251.11,20832.19649199
2022-04-28,39251.02,40400,38883.83,39743.22,16718.83057299
2022-04-29,39741.21,39926.8,38161.85,38593.1,14282.25993546
2022-04-30,38592.27,38795,37590,37644.1,6931.07200088
2022-05-01,37640.35,38675.37,37401,38473.05,7980.89975954
2022-05-02,38469.49,39181.27,38041,38510.89,17946.98346298
2022-05-03,38510.88,38643.48,37505.01,37719.59,17946.99450089
2022-05-04,37719.58,40038.27,37651.38,39669.56,21513.95419034
2022-05-05,39669.56,39864.55,35568,36537.22,28832.99792317
2022-05-06,36537.22,36664.4,35255.4,35999.1,28626.6487821
2022-05-07,35999.1,36125,34785,35458,11372.45319184
2022-05-08,35458,35499.93,33701,34027.91,22357.51152059
2022-05-09,34033.49,34231.54,30010,30078.27,55136.45332765
2022-05-10,30078.27,32645.49,29735.05,31002.39,55818.01900282
2022-05-11,31002.39,32185.9,27682.38,28972.34,61128.25296303
2022-05-12,28977.75,30091.2,25338.53,28941.95,70702.60931849
2022-05-13,28941.95,30990,28662.7,29232.18,34643.05118869
2022-05-14,29234.73,30287.58,28564.38,30041.88,15245.46818403
2022-05-15,30041.9,31418.35,29436.06,31290.05,16440.89298551
2022-05-16,31290.02,31293.31,29055,29839.89,22646.18507353
2022-05-17,29839.89,30750,29415.01,30412.12,19833.30676705
2022-05-18,30412.1,30675.92,28605,28672.94,28348.42643576
2022-05-19,28671.5,30500,28645.2,30274.59,29009.9710577
2022-05-20,30274.59,30729.83,28690.92,29155.75,34328.18791921
2022-05-21,29155.74,29613.34,28913.26,29408.26,9998.48360206
2022-05-22,29407.4,30457.9,29211,30260.87,11774.13662231
2022-05-23,30258.04,30635.39,28847.72,29082.52,25413.0825529
2022-05-24,29079.31,29802,28611,29626.44,17077.03870179
2022-05-25,29627.61,30192.08,29296.12,29503.49,17180.56600794
2022-05-26,29503.48,29850,28000,29166.06,26598.58606063
2022-05-27,29166.06,29355.4,28220,28598.31,21035.53736928
2022-05-28,28598.31,29239.52,28500,29008.99,7717.34367577
2022-05-29,29008.99,29550,28809.84,29447.07,6727.92770357
2022-05-30,29447.08,32232.16,29273.65,31711.42,24915.37275974
2022-05-31,31716.67,32383.96,31195.9,31784.05,21187.77667355
2022-06-01,31784.18,31964.56,29308.01,29788.79,26857.46263482
2022-06-02,29789.19,30655,29558.61,30433.75,18519.12608247
2022-06-03,30429.12,30674.95,29213.47,29670.85,15016.78184772
2022-06-04,29672.77,29952,29454.14,29843.18,6390.75942952
2022-06-05,29837.56,30158.44,29505.65,29901.54,5482.4963235
2022-06-06,29899.62,31745,29866.44,31343.61,20384.91220986
2022-06-07,31349.59,31549.21,29200,31106.9,23234.0811685
2022-06-08,31111,31306.32,29829.98,30177,16775.53319148
2022-06-09,30182.92,30679.72,29904,30079.62,13334.23491125
2022-06-10,30079.59,30337.83,28821.15,29063.11,23208.77056569
2022-06-11,29058.79,29411.11,28080.01,28388.63,13276.76193059
2022-06-12,28395.03,28516.33,26532.95,26555.2,18661.94193886
2022-06-13,26555.17,26869.35,21920,22460.97,81724.84469418
2022-06-14,22460.97,23299.22,20816.4,22120.25,47382.80135514
2022-06-15,22120.23,22769.12,20071,22562.33,62040.45345538
2022-06-16,22562.33,22974.1,20200,20372,37587.2170128
2022-06-17,20371.96,21338.7,20209.73,20447.86,25560.04919013
2022-06-18,20447.86,20750,17567.45,18948.89,52894.97568032
2022-06-19,18944.66,20795.11,17934.26,20552.44,29383.34368967
2022-06-20,20552.39,21041.62,19603.8,20549.75,24904.11647858
2022-06-21,20547.68,21711,20328.03,20696.96,23770.75139634
2022-06-22,20699.63,20873.52,19751.51,19968.46,26569.63207564
2022-06-23,19970.07,21211.97,19869.41,21104.45,21460.76883515
2022-06-24,21104.45,21537.46,20712.54,21223.72,21361.7652594
2022-06-25,21221.13,21594.5,20900,21478.04,12877.9734191
2022-06-26,21474.14,21866,20944.68,21027.92,11145.88852674
2022-06-27,21024.85,21520,20500,20725.17,17440.94268269
2022-06-28,20722.95,21189.99,20164.7,20252.89,17658.6604167
2022-06-29,20253.5,20410.91,19823.43,20094.79,18278.45185883
2022-06-30,20098,20143.53,18603,19985.62,28361.45876221
2022-07-01,19985.62,20879.99,18938.33,19252.76,32977.00052272
2022-07-02,19252.76,19422.02,18955.02,19224.03,10707.74160684
2022-07-03,19225.54,19622.33,18755.75,19291.33,11826.36538269
2022-07-04,19291.35,20331.76,19029.33,20211.35,14462.57230204
2022-07-05,20212.42,20734.89,19274.95,20153.51,21938.40185419
2022-07-06,20153.74,20650,19743,20542.67,18489.12900774
2022-07-07,20542.66,21855.72,20224.8,21614.6,25211.332802
2022-07-08,21618.04,22490.54,21172,21582.2,25311.00378887
2022-07-09,21582.28,21959.3,21311.04,21583.99,9424.31410235
2022-07-10,21582.23,21595.75,20636.53,20850.65,9610.90399408
2022-07-11,20850.65,20854.32,19860.12,19942.43,16061.45339697
2022-07-12,19942.44,20037.46,19226.47,19303.65,21631.52226271
2022-07-13,19304.71,20330.71,18892,20220.23,28211.91563971
2022-07-14,20219.69,20893.73,19607.14,20577.02,24371.50910244
2022-07-15,20574.96,21196.37,20368.67,20827.55,17731.34162095
2022-07-16,20823.06,21582.71,20475.94,21189.68,12479.60342503
2022-07-17,21189.23,21667.1,20750.1,20791.74,11450.67396279
2022-07-18,20791.74,22777,20755.95,22427.56,31445.5132866
2022-07-19,22434.97,23800,21578.57,23395.06,34808.90125305
2022-07-20,23398.46,24287.13,22899,23226.99,34094.81155381
2022-07-21,23225.24,23434.65,22340.07,23153.96,24113.43095206
2022-07-22,23152.76,23763.55,22505.56,22687.68,20884.25890814
2022-07-23,22688.85,23006.16,21941.01,22450.69,12592.30066753
2022-07-24,22451.36,23036.46,22263.85,22583.43,9132.96152481
2022-07-25,22583.37,22665.74,21254.97,21313.41,22277.31378773
2022-07-26,21312.06,21344.43,20715,21261.57,19333.35688939
2022-07-27,21260.22,23110.73,21045.73,22962.59,24206.7301153
2022-07-28,22960.74,24206.11,22580.86,23851.7,25681.25351287
2022-07-29,23851.66,24450,23429.71,23784.5,18431.00204878
2022-07-30,23787.84,24666,23516.11,23650.13,13265.47821461
2022-07-31,23648.15,24192.18,23240.01,23307.44,7969.64723008
2022-08-01,23307.44,23518.89,22850,23273.86,12543.48560075
2022-08-02,23273.85,23464.97,22659.06,22989.4,15013.77828925
2022-08-03,22994.78,23650.96,22694.56,22825,23966.78092491
2022-08-04,22824.88,23234.29,22392.88,22623.94,21755.96366822
2022-08-05,22624.44,23478.58,22589.83,23320.81,26745.91293062
2022-08-06,23320.71,23357.19,22917.49,22960.93,9285.19244923
2022-08-07,22960.86,23405.02,22852.13,23177.39,8297.19227173
2022-08-08,23180.26,24251.08,23158.32,23815.65,24093.33217697
2022-08-09,23815.68,23929.35,22871.66,23158.27,22349.07822206
2022-08-10,23158.32,24224.67,22666.23,23962.18,25974.49772434
2022-08-11,23959.3,24929.99,23862.66,23944.86,29681.35922757
2022-08-12,23944.85,24463.01,23600.01,24415.18,17244.15100332
2022-08-13,24415.08,24898.91,24302.36,24456.49,13678.30446343
2022-08-14,24456.17,25054.1,24151.63,24316.71,23306.17100393
2022-08-15,24316.58,25214.57,23777,24097.82,27821.25610894
2022-08-16,24099.7,24253.98,23668,23857.93,19601.90580439
2022-08-17,23857.89,24448.49,23180.14,23341.17,22747.43895287
2022-08-18,23344.42,23600,23107.27,23189.46,13825.6308966
2022-08-19,23188.94,23206.76,20782.39,20834.94,45962.7257428
2022-08-20,20834.94,21372.93,20760.93,21139.23,21809.4048831
2022-08-21,21139.22,21795.08,21067.33,21518.62,16024.82128336
2022-08-22,21514.45,21540,20889.69,21398.25,26215.93682469
2022-08-23,21396.37,21679.52,20889.69,21528.34,22744.05096265
2022-08-24,21526.74,21925,21147.41,21367.12,22538.91385671
2022-08-25,21367.12,21818.32,21307.32,21561.86,17065.2835044
2022-08-26,21561.49,21878.05,20112.78,20240.72,37169.02639568
2022-08-27,20240.63,20389.14,19800,20036.69,22160.97938125
2022-08-28,20035.3,20164.26,19513.74,19554.03,17117.31912737
2022-08-29,19552.31,20427.19,19545.57,20286.97,33436.35652183
2022-08-30,20286.95,20582.64,19540.14,19813.17,46462.27938622
2022-08-31,19813.97,20489,19799.97,20048.26,36587.60323535
2022-09-01,20048.27,20205.53,19561.01,20133.65,23858.64862602
2022-09-02,20132.67,20444,19755,19953.74,19929.54590305
2022-09-03,19953.4,20053.9,19655,19835.47,9538.49811675
2022-09-04,19833.59,20026.2,19588.27,20004.73,10670.60766559
2022-09-05,20003.85,20060,19633.11,19794.58,13935.11385555
2022-09-06,19794.59,20179.86,18663.25,18790.91,34029.11126955
2022-09-07,18790.77,19466.09,18527,19293.52,25583.39915964
2022-09-08,19293.03,19460.7,19014.43,19321.87,20327.61614165
2022-09-09,19322.56,21616.21,19294.49,21364.5,39579.81208118
2022-09-10,21366.61,21815.15,21127.1,21651.52,17750.76003376
2022-09-11,21656.03,21865.66,21356.37,21831.72,14386.63340528
2022-09-12,21830.16,22490.05,21555,22402.71,28404.49469955
2022-09-13,22402.58,22800,19855,20174.78,37351.56014939
2022-09-14,20174.78,20545,19625,20227.77,25139.52734416
2022-09-15,20227.7,20336.42,19500,19703.67,21124.30384367
2022-09-16,19703.65,19890.95,19305,19801.04,24863.81492556
2022-09-17,19800.26,20183.14,19748.89,20113.37,11557.14724341
2022-09-18,20113.37,20119.08,19335.57,19417.64,16437.90668757
2022-09-19,19417.56,19689.62,18255,19540.38,30961.4463315
2022-09-20,19538.31,19638.46,18722,18876.91,27437.23361358
2022-09-21,18876.14,19949.97,18153.13,18462.64,44344.46282424
2022-09-22,18462.66,19521.8,18358.63,19401.25,41006.95212665
2022-09-23,19399.93,19500,18529,19286.01,30781.38249694
2022-09-24,19286.03,19311.4,18808.13,18923.2,17644.76169841
2022-09-25,18920.93,19184.3,18619.88,18808.61,14499.16320537
2022-09-26,18806.3,19320.86,18681.02,19228,33108.05445715
2022-09-27,19226.94,20383.15,18821.55,19077.57,51860.03004114
2022-09-28,19077.56,19773.67,18487,19412.07,43710.30467197
2022-09-29,19412.37,19646.66,18845.3,19595.57,34783.53737085
2022-09-30,19595.59,20182.72,19154.38,19426.11,34243.66392923
2022-10-01,19423.57,19486.43,19160,19315.27,7337.45595566
2022-10-02,19315.26,19398.94,18923.81,19059.17,12951.42404465
2022-10-03,19059.1,19717.67,18958.29,19633.46,28571.64018677
2022-10-04,19632.43,20479.43,19495.32,20345.19,32685.41637125
2022-10-05,20345.27,20371.15,19750,20161.62,33542.20736149
2022-10-06,20162.15,20455.79,19855.19,19965.64,44044.43606305
2022-10-07,19963.75,20065.26,19325,19533.05,34938.97272677
2022-10-08,19531.68,19628.78,19250,19419.39,9745.2545363
2022-10-09,19421.49,19563.28,19321,19443.47,12537.63788265
2022-10-10,19442.7,19528.04,19028.08,19132.83,26596.56843638
2022-10-11,19130.8,19265.69,18855.19,19058.11,36248.01909763
2022-10-12,19058.42,19235.26,18971.51,19155.92,24862.65344825
2022-10-13,19153.97,19509.23,18131,19378.65,49160.49651762
2022-10-14,19375.55,19954.14,19076.83,19178,46208.33260444
2022-10-15,19179.15,19229.12,18983,19070.24,9062.82835275
2022-10-16,19070.62,19425.49,19065.23,19264.44,8310.92834083
2022-10-17,19261.62,19679.46,19154.72,19550.4,24137.12482696
2022-10-18,19550.39,19702.73,19091.77,19328.76,27645.59742478
2022-10-19,19328.75,19361,19062.1,19124.18,22284.13292808
2022-10-20,19123.77,19349.04,18905,19042.48,28405.7559743
2022-10-21,19043.66,19254.52,18659,19166.45,24206.36088454
2022-10-22,19164.92,19257.66,19110.46,19209.1,7044.99034028
2022-10-23,19209.09,19698.1,19070.92,19572.44,12086.31175412
2022-10-24,19572.2,19603.57,19159.35,19330.41,29432.58356293
2022-10-25,19332.11,20420.88,19240.76,20086.28,42452.33701168
2022-10-26,20086.27,21022.81,20055.85,20775.4,43618.9919315
2022-10-27,20773.59,20878.17,20196.01,20296.97,34123.58255469
2022-10-28,20295.77,20755.09,20000,20597.91,29581.75150226
2022-10-29,20597.34,21080,20561.2,20823.53,19822.75126022
2022-10-30,20822.38,20939.35,20523.92,20630.68,13737.38848362
2022-10-31,20629.21,20837.68,20237,20489.94,22222.73611567
2022-11-01,20489.55,20691,20326.55,20479.63,21147.00854592
2022-11-02,20480.34,20805,20059.53,20151.4,43913.21904186
2022-11-03,20151.29,20390.82,20032.02,20206.88,26837.37211156
2022-11-04,20208.02,21298.76,20181.61,21144.2,42027.16281295
2022-11-05,21149.03,21478.8,21082.54,21300.45,14076.70487828
2022-11-06,21300.45,21365.89,20886.26,20909.17,10958.4932636
2022-11-07,20908.15,21069.46,20394.34,20593.49,25279.82916936
2022-11-08,20593.34,20675,17500,18550.25,84056.63082724
2022-11-09,18546.07,18590.34,15512,15891.96,119633.96194081
2022-11-10,15894.77,18140.62,15720,17553.89,91496.98548059
2022-11-11,17555.44,17641.32,16336.05,17013.62,64776.6547934
2022-11-12,17014.78,17067.7,16595.25,16783.33,23830.0578576
2022-11-13,16783.32,16926.57,16214.95,16301.39,23266.69734743
2022-11-14,16298.75,17169.68,15790.25,16590.73,55601.93469977
2022-11-15,16588.41,17107.88,16502.85,16877.93,48155.32053543
2022-11-16,16879.37,16994.31,16358.66,16645.24,37249.70414522
2022-11-17,16646.58,16736.7,16396,16680.47,22484.77507436
2022-11-18,16680.47,16984.08,16526.28,16680.59,26970.34405749
2022-11-19,16678.85,16802,16534.83,16683.02,9396.04770097
2022-11-20,16680.7,16733.19,16154.65,16252.53,16685.1909604
2022-11-21,16252.43,16279.99,15460,15760.14,43799.91803333
2022-11-22,15758.96,16294.5,15596.22,16199.71,44555.90690195
2022-11-23,16201.15,16700,16142.99,16587,37143.06609396
2022-11-24,16585.83,16797.28,16450.62,16587.61,21819.50497344
2022-11-25,16587.6,16610.08,16333,16510.9,20800.91157317
2022-11-26,16510.9,16693.18,16376.1,16450.93,12308.57070713
2022-11-27,16450.32,16589.43,16395,16419.88,10825.69525321
2022-11-28,16421.63,16478.32,15992.64,16206.3,30336.24756667
2022-11-29,16206.23,16541.72,16092.53,16438,21901.9847881
2022-11-30,16437.94,17259.37,16423.37,17167.33,42517.61172285
2022-12-01,17165.44,17317.8,16855,16980.08,31798.99151828
2022-12-02,16980.07,17108.25,16791.02,17094.71,23096.43686725
2022-12-03,17094.25,17158.42,16863.58,16888.53,14081.4506716
2022-12-04,16889.17,17199.99,16882.86,17108.9,16961.10828839
2022-12-05,17108.9,17424.59,16865.22,16966.05,33618.45109026
2022-12-06,16966.05,17111.35,16904.04,17089.05,26693.6101171
2022-12-07,17089.18,17140.22,16679.52,16840,22635.46848793
2022-12-08,16839.76,17300.59,16738,17226.01,23533.23453743
2022-12-09,17226.03,17352.62,17060.69,17130.59,20976.63699864
2022-12-10,17130.49,17227.64,17093.42,17128.1,7860.58687575
2022-12-11,17128.1,17271.92,17073.19,17085.21,9948.85267032
2022-12-12,17085.62,17244.63,16875.83,17211.66,20659.65709227
2022-12-13,17212.9,17999.99,17089.17,17773.18,38316.03172467
2022-12-14,17772.98,18385.36,17660.93,17804.97,49295.42072146
2022-12-15,17805.36,17856.26,17275.02,17357.96,37834.73808374
2022-12-16,17359.1,17525,16529.53,16632.64,47159.86300655
2022-12-17,16634.29,16799.99,16585.64,16782.25,18446.6836015
2022-12-18,16782.23,16875,16663.76,16741.16,11073.43886205
2022-12-19,16742.33,16822.84,16273.4,16439.74,26856.08598724
2022-12-20,16439.98,17060.86,16398.22,16897.65,34330.28235168
2022-12-21,16896.17,16926.05,16725.78,16826.56,16743.62189364
2022-12-22,16825.18,16868.82,16560.84,16815.51,21269.7673979
2022-12-23,16815.28,16943.29,16719.57,16777.21,21958.88697726
2022-12-24,16777.88,16863.62,16775.88,16837.12,9502.80320659
2022-12-25,16837.24,16853.88,16720.89,16829.02,7065.21656572
2022-12-26,16829.19,16939.81,16787.97,16917.96,8493.27661167
2022-12-27,16916.66,16967,16585.97,16698.73,17482.09318834
2022-12-28,16698.31,16777.35,16460,16539.66,23345.55126307
2022-12-29,16539.66,16654.81,16479.5,16627.54,20088.46487471
2022-12-30,16627.36,16649.99,16326.16,16600.1,26532.28003447
2022-12-31,16599.98,16634.42,16462.49,16530.35,15414.5294044
2023-01-01,16531.83,16621,16490,16611.58,10668.73697739
2023-01-02,16611.9,16789.99,16542.52,16666.95,13560.46017964
2023-01-03,16666.86,16772.3,16600,16669.47,17612.35527749
2023-01-04,16668.95,16988,16645.87,16844.42,25922.70680625
2023-01-05,16844.4,16872.13,16750.07,16825.69,14918.22913349
2023-01-06,16825.53,17027.11,16670.82,16948.06,24235.38704157
2023-01-07,16948,16977.76,16903.58,16942.37,5680.11799379
2023-01-08,16942.37,17167.52,16910.41,17125.18,9195.45985397
2023-01-09,17125.17,17396.25,17102.97,17177.98,33252.15435855
2023-01-10,17177.94,17494.37,17145.1,17443.5,24901.57485784
2023-01-11,17443.5,17998,17315.08,17944.27,27251.01602186
2023-01-12,17944.15,19115.85,17904.83,18847.75,61938.44269045
2023-01-13,18847.77,20000,18714.8,19934.88,55049.6223488
2023-01-14,19934.07,21321.98,19893.25,20957.02,58239.87328811
2023-01-15,20956.2,21057.3,20560.16,20879.7,25709.30241812
2023-01-16,20879.67,21465.62,20611.45,21187.5,41151.35428763
2023-01-17,21191.46,21595,20844.73,21136.33,32656.47978348
2023-01-18,21135.01,21650.21,20370.01,20674.29,34600.25647175
2023-01-19,20674.03,21197,20656.52,21084.22,23436.75404601
2023-01-20,21084.05,22754.73,20865.64,22669.81,32810.59587882
2023-01-21,22671.09,23375.6,22432.45,22789.37,32657.60500465
2023-01-22,22789.34,23082.82,22298.15,22714.87,25548.28914044
2023-01-23,22714.81,23180.55,22500.01,22920.29,32380.77464386
2023-01-24,22920.67,23165.56,22460.17,22636.17,39180.10567306
2023-01-25,22636.19,23824.66,22326.24,23062.36,38496.91631901
2023-01-26,23062.36,23287.38,22853.61,23010.47,30187.01702655
2023-01-27,23011.37,23511.9,22540.76,23084.4,27185.13487749
2023-01-28,23084.38,23196.99,22884,23028.95,7466.33930339
2023-01-29,23029.56,23966,22974.75,23745.8,20952.76361397
2023-01-30,23744.34,23802.99,22500,22836.03,34312.28644397
2023-01-31,22836.03,23313.23,22719.68,23128.86,22721.77475761
2023-02-01,23127.15,23813.57,22760,23735.97,20292.22416962
2023-02-02,23735.97,24262.18,23367.87,23493.84,16368.92138269
2023-02-03,23497.29,23720,23208.01,23433.54,14215.66842983
2023-02-04,23433.47,23589.67,23257.71,23328.87,3567.13007478
2023-02-05,23329.47,23433.2,22758.01,22936.34,6574.34533251
2023-02-06,22936.34,23163.05,22637.51,22764.07,12149.94486314
2023-02-07,22763.42,23348.73,22748.11,23244.67,9803.34759825
2023-02-08,23244.64,23451.01,22669.09,22964.38,7693.59195866
2023-02-09,22963.91,23011.18,21700,21800.63,19277.239648
2023-02-10,21800.62,21942.41,21467.43,21628.97,12641.59512641
2023-02-11,21628.97,21904,21605.35,21863.73,4695.91143894
2023-02-12,21863.73,22091.88,21631,21789.8,5990.68642903
2023-02-13,21789.79,21903.03,21366.45,21789.14,13246.3049252
2023-02-14,21789,22331.76,21545.67,22206.27,14879.72784164
2023-02-15,22206.26,24386.5,22054.17,24329.04,23427.35072192
2023-02-16,24326.95,25256.83,23510.73,23516.15,30034.93494269
2023-02-17,23516.95,25025,23344.12,24577.6,22795.35234631
2023-02-18,24577.6,24879.33,24407.67,24636.23,6191.17379627
2023-02-19,24635.85,25200,24192.7,24281.31,9733.21021005
2023-02-20,24278.81,25128.11,23841.08,24844.97,13977.17943437
2023-02-21,24844.21,25288.88,24153.96,24454.43,16495.25564236
2023-02-22,24454.08,24480,23581.64,24184.44,17390.31077874
2023-02-23,24184.9,24600.95,23612.59,23943.32,16847.70433307
2023-02-24,23943.32,24132.67,22520,23186.88,20933.97488913
2023-02-25,23186.88,23220.56,22716.47,23159.71,5937.43847794
2023-02-26,23159.71,23689.77,23052.78,23556.83,6063.45918348
2023-02-27,23556.83,23895.51,23109.06,23489.52,12098.67253518
2023-02-28,23490.01,23597.98,23027.24,23145.32,9516.02766667
2023-03-01,23144.37,23999.99,23025.17,23631.52,12151.84539817
2023-03-02,23632.12,23798.62,23196.09,23468.24,9239.93644458
2023-03-03,23468.79,23477.28,21988.02,22358.18,21715.09355721
2023-03-04,22358.18,22409.82,22150.71,22350.95,2266.21497947
2023-03-05,22349.74,22654.64,22195.13,22432.69,5291.96467583
2023-03-06,22431.99,22599.99,22264.73,22410.31,10660.04864303
2023-03-07,22410.13,22557.03,21932.74,22198.48,10381.24422759
2023-03-08,22198.09,22281.55,21580.84,21698.37,13343.72575834
2023-03-09,21699.41,21825.53,20050,20367.01,21326.08097071
2023-03-10,20366.97,20369.78,19568.52,20230.08,32126.59207482
2023-03-11,20230.07,20964.5,19900.5,20620.54,18920.85100043
2023-03-12,20619.34,22276.69,20446.24,22219.08,19165.53317335
2023-03-13,22216.02,24710,21882.63,24220,38654.82408388
2023-03-14,24220,26553.9,24052,24762.65,44100.36444555
2023-03-15,24761.61,25300,23931.01,24377.16,30128.4276161
2023-03-16,24377.16,25235.28,24207.54,25051.85,20754.42573365
2023-03-17,25052.11,27834.54,24946.86,27453.62,40752.19373629
2023-03-18,27453.75,27780,26652.45,26980.35,18096.24372219
2023-03-19,26980.35,28478,26904,28054.46,16897.41761964
2023-03-20,28058.15,28578.63,27218.36,27823.32,23782.6567676
2023-03-21,27822.85,28605.32,27414.77,28207.33,16193.18924882
2023-03-22,28201.22,28937.73,26678.16,27325.15,33974.43697526
2023-03-23,27324.05,28839.68,27189.19,28352.94,26698.29660165
2023-03-24,28352.95,28433.34,27027.88,27489.24,22190.91292623
2023-03-25,27489.24,27818.67,27184.78,27488.18,9655.9494554
2023-03-26,27489.56,28230.32,27445.04,27992.9,9800.64299441
2023-03-27,27995.27,28053.26,26525,27142.87,17268.16335715
2023-03-28,27142.85,27519.99,26640,27274.15,14103.92919115
2023-03-29,27274.18,28654.06,27255.42,28359.54,17710.8595857
2023-03-30,28359.54,29190.04,27693.7,28035.48,20972.43924037
2023-03-31,28034.88,28650.2,27512.97,28474.4,18917.3621471
2023-04-01,28475.41,28826.45,28223.76,28471.46,6988.04239657
2023-04-02,28471.03,28544.21,27862.69,28188.34,6707.97702984
2023-04-03,28188.34,28525,27227.61,27811.77,16192.03702141
2023-04-04,27809.55,28450,27670.24,28179.64,13261.95025317
2023-04-05,28178.66,28799.99,27817.32,28175.37,15066.72449529
2023-04-06,28175.27,28199.11,27716.77,28053.46,10291.80646097
2023-04-07,28052.74,28120.71,27790.21,27931.94,5847.77200458
2023-04-08,27930.12,28175.89,27881.01,27958.81,3854.33490363
2023-04-09,27958.19,28547.67,27814,28340.99,6136.4286229
2023-04-10,28342.28,29794.47,28162.49,29660.41,15752.30418782
2023-04-11,29657.7,30584.58,29612.3,30227.19,18637.22157812
2023-04-12,30227.18,30517,29675,29912.2,14961.08403219
2023-04-13,29912.2,30627.05,29878.08,30406.78,12505.27274115
2023-04-14,30410.03,31050,30000,30492.92,19793.55777592
2023-04-15,30492.91,30622.38,30231.76,30324.11,5486.7222394
2023-04-16,30325.07,30572.1,30148.28,30326.09,6230.24911461
2023-04-17,30321.41,30340.21,29251.71,29449.91,13418.0380446
2023-04-18,29449.91,30500,29103.89,30393.4,12649.52217446
2023-04-19,30394.5,30430.72,28595.28,28809.72,20951.87851572
2023-04-20,28809.71,29102.69,27991.32,28248.18,17007.31210311
2023-04-21,28248.18,28371.88,27133,27253.85,19665.99126045
2023-04-22,27252.96,27887.78,27133,27821.41,7556.85769964
2023-04-23,27820.99,27820.99,27333.2,27592.98,6255.76778325
2023-04-24,27592.7,28000,26965.14,27515.05,12258.59093046
2023-04-25,27513.85,28400,27194.51,28304.42,12013.57991051
2023-04-26,28304.42,30050.66,27230.77,28426.08,31636.39150463
2023-04-27,28428.86,29900,28387.07,29483.72,24310.36359778
2023-04-28,29486.97,29606.45,28900,29338.63,14184.03938836
2023-04-29,29339.47,29470,29057.3,29249.35,4909.72717806
2023-04-30,29249.24,29969.99,29095.92,29247.14,6837.06831371
2023-05-01,29240.49,29348.6,27664.31,28077.27,17953.11670042
2023-05-02,28077.44,28899.99,27871.44,28684.4,13258.60505694
2023-05-03,28683.41,29276.12,28122,29038.75,15605.28754268
2023-05-04,29039.36,29383.5,28674.58,28857.23,10407.16067489
2023-05-05,28857.88,29706.57,28810,29536.76,14691.1261171
2023-05-06,29538.87,29850,28394,28902.66,8546.79874854
2023-05-07,28901.3,29189.71,28429.12,28474.53,5884.67007423
2023-05-08,28472.68,28676.38,27279.66,27695.06,15859.41839592
2023-05-09,27693.24,27833.64,27367.01,27647.29,8888.42683618
2023-05-10,27647.29,28334.75,26800,27624.01,18590.96989908
2023-05-11,27621.5,27649.85,26702,26986.56,13438.74631738
2023-05-12,26986.79,27099.21,25810,26808.84,18458.49543497
2023-05-13,26808.8,27060.24,26700,26789.48,4782.64422745
2023-05-14,26786.99,27221.51,26581.52,26929.98,4393.20531359
2023-05-15,26929.98,27678.73,26740.95,27171.13,11889.94842508
2023-05-16,27165.26,27302.99,26860.12,27037.68,11209.90767959
2023-05-17,27037.72,27516.58,26543.87,27407.77,13308.63176925
2023-05-18,27407.76,27487.71,26361.52,26820.49,12604.94858584
2023-05-19,26819.64,27190.35,26632.73,26890.27,7587.52629065
2023-05-20,26890.27,27178.99,26836.21,27113.61,3127.42757901
2023-05-21,27113.97,27288.02,26667.63,26752.65,5534.52475759
2023-05-22,26751,27105.63,26536.99,26854.73,8554.42214009
2023-05-23,26854.09,27500,26803.46,27223.22,11594.53703302
2023-05-24,27222.86,27225,26070.04,26321.4,17340.61730838
2023-05-25,26321.42,26625.93,25864.35,26479.06,12094.45706071
2023-05-26,26479.15,26950,26334.33,26714.86,9858.60032184
2023-05-27,26711.56,26943.6,26559.96,26867.99,3348.37908169
2023-05-28,26870.13,28277.56,26780.11,28070.04,9725.64198967
2023-05-29,28070.04,28473.93,27534.81,27744.82,11355.24110493
2023-05-30,27744.81,28057.23,27555,27700.15,12024.45830459
2023-05-31,27700.68,27844.89,26842.94,27223.08,15163.06255735
2023-06-01,27221.54,27360.31,26615,26828.42,11927.59445097
2023-06-02,26827.73,27307.44,26508,27250.69,12206.16873203
2023-06-03,27252.67,27341.13,26923.35,27077.6,3589.32341986
2023-06-04,27078.27,27466.83,26958.98,27122.04,4115.09881956
2023-06-05,27122.03,27137.75,25391.43,25741.5,16641.46931851
2023-06-06,25741.5,27368.67,25351.92,27243.63,18531.05925936
2023-06-07,27243.45,27402.79,26121.06,26346.41,16094.37567105
2023-06-08,26347.09,26820.3,26212.63,26508.32,8160.84833962
2023-06-09,26505.71,26780.4,26283.5,26482.81,10536.83247431
2023-06-10,26482.8,26534.95,25385.52,25856.1,16967.73205546
2023-06-11,25856.1,26219.1,25648,25937.02,8653.83803604
2023-06-12,25936.98,26108.64,25616.98,25905.82,10491.06768405
2023-06-13,25905.99,26435.81,25710.78,25930.23,14396.74678337
2023-06-14,25929.35,26090,24821,25123.34,14480.51749351
2023-06-15,25123.41,25749.99,24750,25569.99,18601.18891862
2023-06-16,25569.99,26486.56,25143.24,26329.6,16632.7425402
2023-06-17,26329.6,26783.2,26165.98,26506.56,7209.4251028
2023-06-18,26507.97,26693.11,26245.27,26336.46,5233.68378154
2023-06-19,26336.46,27040.64,26250,26837.78,9643.06748389
2023-06-20,26839.04,28417.11,26637.41,28320.43,28704.55295587
2023-06-21,28320.41,30800,28271.67,29995.08,31445.78143275
2023-06-22,29999.85,30513.25,29539.57,29886.31,18457.66785815
2023-06-23,29886.25,31443.67,29802.65,30707.61,22659.54058513
2023-06-24,30709.59,30815.92,30265.88,30547.18,6883.28318615
2023-06-25,30547.3,31057.86,30288.33,30480.24,6265.47434464
2023-06-26,30480.24,30662.66,29900,30272.18,12491.83081677
2023-06-27,30272.24,31020.54,30228.44,30697.38,11995.526853
2023-06-28,30696.06,30716.93,29840,30074.94,9391.66542094
2023-06-29,30074.93,30838,30036.18,30446.47,12261.34048625
2023-06-30,30445.67,31277,29417.14,30466.72,26013.22734909
2023-07-01,30466.73,30659.33,30312.8,30587.21,4012.76538882
2023-07-02,30587.22,30791.75,30165.39,30613.51,4829.83871313
2023-07-03,30613.57,31399.08,30569,31161.8,11391.98257522
2023-07-04,31162.71,31333,30628.3,30771.25,7233.95188576
2023-07-05,30772.93,30882.95,30189.56,30499.27,8782.6192239
2023-07-06,30499.27,31525.1,29850,29899.38,17229.92231032
2023-07-07,29895.6,30456,29715.87,30352.08,11137.14221055
2023-07-08,30350.35,30388.91,30047.78,30291.69,3856.11078847
2023-07-09,30291.69,30451.78,30066.95,30168.38,3884.04687903
2023-07-10,30168.26,31055.75,29955,30419.89,12703.78162563
2023-07-11,30419.89,30811.65,30304.45,30626.55,10653.5761104
2023-07-12,30624.65,31000,30200,30381.81,14881.70511963
2023-07-13,30383.26,31862.21,30250.73,31471.83,26135.6192364
2023-07-14,31471.83,31645.66,29920.31,30330.52,19272.20339271
2023-07-15,30330.93,30406.27,30254.67,30301.65,2559.07232743
2023-07-16,30302.01,30457.03,30075.93,30247.64,4021.41012275
2023-07-17,30247.56,30345.45,29668.58,30143.08,10632.8066781
2023-07-18,30143.08,30249.3,29525,29861.93,11124.83936583
2023-07-19,29861.92,30196.24,29757.44,29916.72,8804.54675154
2023-07-20,29916.69,30421.29,29564.19,29809.13,11494.95348803
2023-07-21,29809.13,30060.28,29729.48,29907.98,7598.61053359
2023-07-22,29907.15,30002.38,29626.86,29795.03,3629.48251055
2023-07-23,29793.62,30350.7,29733.55,30081.61,4513.83214295
2023-07-24,30081.61,30099.99,28850,29176.98,14484.27557634
2023-07-25,29176.98,29376.51,29046,29225.14,7140.85368901
2023-07-26,29225.11,29686.41,29089.54,29353.23,9635.09206614
2023-07-27,29350.88,29571.42,29075,29214.92,7327.4507106
2023-07-28,29214.93,29532.45,29115.32,29316.15,7105.49434797
2023-07-29,29316.05,29411.09,29253.44,29355.71,2893.05298823
2023-07-30,29356.65,29450,29033,29281.39,4387.57256615
2023-07-31,29280.41,29526.99,29102.65,29230.67,8793.83887155
2023-08-01,29230.61,29726.73,28477,29697.27,17751.31113096
2023-08-02,29699.25,30033,28903.79,29164.22,17967.34799565
2023-08-03,29163.87,29399.97,28938.93,29174.18,8920.01477716
2023-08-04,29174.84,29312.28,28747.1,29076.48,7291.14687702
2023-08-05,29077.04,29111.87,28946.17,29047.12,2490.84710469
2023-08-06,29047.33,29163.24,28955,29040.01,2461.64012073
2023-08-07,29040.01,29246,28660.53,29179.21,9200.08523317
2023-08-08,29179.28,30222,29104.65,29770.01,15610.25491294
2023-08-09,29770.01,30128.88,29344.16,29562.76,10451.45167511
2023-08-10,29562.76,29709.38,29306,29424.03,7104.55622213
2023-08-11,29424.04,29534.14,29213.59,29400.45,5961.21744691
2023-08-12,29400.45,29477.31,29349.98,29416.96,1906.1707986
2023-08-13,29417.19,29447.6,29247.15,29275.94,2128.37437697
2023-08-14,29275.78,29665.27,29072.96,29405.49,7063.46806345
2023-08-15,29405.49,29464.62,29046.58,29170.14,5815.32226178
2023-08-16,29170.13,29231.92,28690.37,28700.51,9669.42535941
2023-08-17,28700.51,28751.84,25234.76,26627.57,27723.2108711
2023-08-18,26627.21,26834.37,25610,26048.89,21190.13041519
2023-08-19,26048.9,26269.11,25793.11,26096.42,6554.05344759
2023-08-20,26096.4,26296.78,25975.01,26189.14,4345.07228674
2023-08-21,26189.36,26260.25,25814,26125.18,9936.98111023
2023-08-22,26125.16,26137.99,25350,26042.11,12418.87289323
2023-08-23,26041.94,26818.28,25796.47,26427.54,15743.86437208
2023-08-24,26427.73,26567.38,25850,26163.49,10002.33992977
2023-08-25,26163.49,26294.53,25750,26049.39,10926.33773703
2023-08-26,26049.4,26115.44,25971.44,26009.61,1862.15021008
2023-08-27,26009.62,26171.87,25961.81,26091.16,2069.84831133
2023-08-28,26091.16,26232.88,25850,26101.04,5460.42038393
2023-08-29,26101.03,28184.89,25903.18,27717.98,21402.10102797
2023-08-30,27717.15,27775,27015.75,27306.06,9793.95679478
2023-08-31,27306.06,27576.99,25660.61,25932.45,14462.02738125
2023-09-01,25931.51,26142.28,25307.37,25794.88,14995.72610123
2023-09-02,25795.61,25982.48,25707.3,25867.83,3810.77429103
2023-09-03,25867.82,26123,25792.29,25969.83,3434.5195669
2023-09-04,25969.83,26093.07,25627,25816.13,4635.8154655
2023-09-05,25816.14,25884.04,25551.36,25783.91,6051.14811848
2023-09-06,25782.49,26025.78,25358,25747.63,9374.33792185
2023-09-07,25747.63,26440.55,25595.8,26276.3,10885.13902329
2023-09-08,26276.38,26460.41,25640.1,25906.34,11149.95850667
2023-09-09,25906.33,25942.69,25791.45,25897.82,2225.82211069
2023-09-10,25897.82,26023.89,25578.01,25831.76,4361.60285333
2023-09-11,25831.77,25891.6,24900,25152.14,13404.11510617
2023-09-12,25152.13,26556.91,25120.76,25840.61,19789.48058328
2023-09-13,25839.95,26413.59,25763.43,26226.65,10099.7383701
2023-09-14,26227.16,26869.06,26128.25,26532.76,12929.08237721
2023-09-15,26532.5,26892.65,26213.96,26602.42,9345.93913701
2023-09-16,26601.71,26777,26453.32,26569.69,4132.04817572
2023-09-17,26569.69,26626.49,26405.04,26530.95,3252.26976131
2023-09-18,26530.96,27427.34,26382.13,26764.49,17493.70820354
2023-09-19,26764.03,27500,26666.93,27216.13,14386.07884728
2023-09-20,27216.52,27393.78,26798.98,27123.94,11590.24027633
2023-09-21,27122.65,27163.48,26359.7,26564.54,11801.98943642
2023-09-22,26564.54,26742.86,26467.94,26578.4,8563.0523313
2023-09-23,26578.4,26638.58,26513,26579.6,2597.25705711
2023-09-24,26579.59,26731.1,26118.86,26250.24,4587.80529114
2023-09-25,26248.17,26444.95,25983.78,26296.08,10762.98401397
2023-09-26,26296.07,26397.59,26080,26208.44,7016.42122845
2023-09-27,26208.43,26830,26088.37,26357.62,14123.89690964
2023-09-28,26357.56,27313.86,26321.37,27027.14,18975.87763693
2023-09-29,27027.44,27238.9,26661.71,26907,12712.27177691
2023-09-30,26905.57,27097.25,26884.86,26961,4413.30948101
2023-10-01,26961,28062.62,26955.25,27995.46,8747.06888783
2023-10-02,27995.46,28613.37,27302.3,27504.04,25148.25341854
2023-10-03,27504.03,27672.12,27160.47,27428.96,14334.10857629
2023-10-04,27428.96,27842.38,27208.65,27786.75,10238.17053376
2023-10-05,27786.12,28140,27358.05,27412.96,14136.04783544
2023-10-06,27413.15,28288.88,27173.41,27945.17,12908.75146274
2023-10-07,27945.17,28040.84,27861.2,27976.43,3489.91595717
2023-10-08,27976.44,28109.94,27708.6,27933.55,4118.56381073
2023-10-09,27933.54,28003.7,27268.63,27596.67,10218.62556021
2023-10-10,27596.67,27739.94,27291.81,27393.29,10265.79357936
2023-10-11,27393.28,27478.61,26521.32,26869.19,16466.26612207
2023-10-12,26867.97,26939.55,26537.72,26750.51,7881.21504857
2023-10-13,26752.06,27122.24,26662.62,26863.53,8694.60097059
2023-10-14,26863.54,26988.12,26797,26851.71,2786.76009652
2023-10-15,26851.71,27301.37,26806.06,27186.13,6215.85130529
2023-10-16,27186.13,30000,27135.92,28520.24,36471.7502374
2023-10-17,28520.24,28637.21,28083.19,28408.83,14171.43180714
2023-10-18,28408.51,28999.98,28151.6,28326.51,11820.68114047
2023-10-19,28326.24,28938.96,28122.57,28735.34,12662.68000489
2023-10-20,28734.51,30248,28591.85,29684.73,20095.91529217
2023-10-21,29684.73,30369,29475.06,29924.84,6369.9347533
2023-10-22,29925.91,30275,29670,30004.15,5720.28965895
2023-10-23,30004.14,35000,29890.89,33087.58,33228.46734771
2023-10-24,33079.72,35157.23,32851.45,33922.52,38506.35962554
2023-10-25,33921.66,35144,33690.91,34506.35,18668.45817435
2023-10-26,34504.33,34843.04,33735.86,34154.71,15867.44697165
2023-10-27,34153.35,34249.99,33400,33906.09,13879.04330119
2023-10-28,33905.96,34500,33867.38,34085.42,4372.52724873
2023-10-29,34085.42,34763,33937.31,34534.48,5547.09585659
2023-10-30,34534.48,34871,34077.9,34493.79,10183.77616922
2023-10-31,34493.51,34732.18,34038.79,34656.4,9282.02866788
2023-11-01,34656.38,35647.19,34079.46,35440.1,16197.45981756
2023-11-02,35440.1,35997.8,34311.73,34950,13455.65527035
2023-11-03,34947.92,34954.6,34100,34731.27,13961.70014519
2023-11-04,34730.32,35278.4,34599.85,35087.01,4696.70148339
2023-11-05,35087.43,35410,34500,35035.42,5892.67329337
2023-11-06,35035.79,35294.12,34753.66,35059.46,7088.27153194
2023-11-07,35059.46,35963,34530.67,35416.28,13841.59195597
2023-11-08,35416.63,36113.59,35103.14,35639.13,12253.15808483
2023-11-09,35639.13,37999,35555.16,36706.59,29045.85195583
2023-11-10,36704.01,37548.8,36334.46,37324.83,15183.168535
2023-11-11,37324.84,37424.03,36701.5,37139.12,5344.45382766
2023-11-12,37139.94,37247,36740.9,37086.03,3317.50278576
2023-11-13,37086.5,37442.48,36351,36475.67,10543.29564712
2023-11-14,36475.68,36756.16,34758.64,35554.09,16008.49077729
2023-11-15,35554.1,37987,35358.45,37885.35,19941.6757032
2023-11-16,37885.35,37958.75,35511.11,36161.15,18455.96829165
2023-11-17,36161.15,36831.99,35869,36630.38,12218.85138403
2023-11-18,36631.56,36857.15,36205.89,36594.89,3468.39821362
2023-11-19,36596.14,37546.62,36404.52,37391.19,4366.44892344
2023-11-20,37389.06,37784.07,36720,37475.64,14114.01039926
2023-11-21,37472.76,37675.77,35744.9,35751.89,20837.73934338
2023-11-22,35755.33,37875,35633,37424.31,17606.97239528
2023-11-23,37424.31,37653.67,36888,37304.05,7211.31754936
2023-11-24,37304.04,38454,37257.56,37745.84,17507.8900414
2023-11-25,37746.29,37920.27,37615.91,37805.99,3567.42244915
2023-11-26,37806.84,37842.17,37156.72,37462.79,6113.0562518
2023-11-27,37462.01,37578.42,36715.1,37241.63,13510.45476059
2023-11-28,37241.64,38425.96,36873.55,37838.26,18156.47258233
2023-11-29,37838.26,38480,37581.93,37863.84,15162.68883049
2023-11-30,37864.79,38152.18,37500,37732.27,8081.19248391
2023-12-01,37732.27,39000,37618.25,38703.54,16395.90197806
2023-12-02,38706.55,39740,38660.03,39478.95,7540.7688183
2023-12-03,39467.42,40221.22,39293.02,39984.81,7153.15663784
2023-12-04,39984.81,42410.46,39983.6,41987.24,21993.05995554
2023-12-05,41985.53,45000,41384.03,44084.39,24018.76035474
2023-12-06,44086.33,44290.37,43369,43764.05,15977.55938336
2023-12-07,43766.41,44057.23,42846.53,43280.95,13055.36691088
2023-12-08,43281.11,44754.99,43087.17,44192.87,13579.40860176
2023-12-09,44192.86,44384.68,43586.14,43723.25,5469.40708431
2023-12-10,43722.84,44049.51,43562.06,43793.68,3919.09423649
2023-12-11,43793.67,43811.81,40150,41229.61,25524.67094691
2023-12-12,41229.61,42088.56,40636.51,41477.39,13414.86773655
2023-12-13,41477.6,43475,40553.15,42885.54,15798.66423037
2023-12-14,42887.39,43442.15,41426.76,43027.77,15434.25971384
2023-12-15,43027.77,43095.71,41640.51,41933.89,10861.72864667
2023-12-16,41934.84,42680.2,41626.66,42237.29,5315.65582307
2023-12-17,42235.23,42367.82,41222,41349.59,6649.06495765
2023-12-18,41349.59,42754.79,40508.01,42650.01,13394.33474824
2023-12-19,42650.01,43461.86,41780,42266.22,13403.93447528
2023-12-20,42266.25,44324.86,42184.48,43674.77,19307.1089644
2023-12-21,43673.11,44250,43295.78,43875.32,13170.9728222
2023-12-22,43875.56,44424.36,43412.82,44013.73,10733.55348079
2023-12-23,44013.65,44033.84,43333.35,43726.35,4075.08953972
2023-12-24,43728.36,43985.67,42614.17,43025.03,4947.00165569
2023-12-25,43025.02,43818.29,42755.35,43589.67,4799.73104807
2023-12-26,43589.67,43605,41600.67,42515.53,13035.02745535
2023-12-27,42521.21,43709.98,42111.47,43474.4,12917.48404475
2023-12-28,43469.06,43830.34,42265.08,42581.23,13583.91599843
2023-12-29,42581.23,43137.1,41300,42063.45,16756.43323881
2023-12-30,42064.22,42593.73,41518.19,42141.03,11609.82377015
2023-12-31,42139.32,42850,41964.68,42288.06,11397.57303743
2024-01-01,42288.58,44240.8,42175.65,44220.78,7977.72851143
2024-01-02,44220.78,45925.82,44195.13,44972.8,29583.38407747
2024-01-03,44972.81,45519.32,40625.68,42862.44,32281.85234351
2024-01-04,42860.58,44800,42650,44193.29,18193.81684353
2024-01-05,44198.35,44443.37,42450,44186.59,18073.09561495
2024-01-06,44187.76,44260.95,43436.5,43992.44,5691.43460343
2024-01-07,43992.79,44510.01,43629.7,43950.28,5931.34650683
2024-01-08,43954.52,47330,43200.44,46995.1,26447.17326625
2024-01-09,46995.09,47901,44701.54,46124.08,26305.56366042
2024-01-10,46120.79,47732.5,44320.01,46666.11,36534.39765866
2024-01-11,46678.54,49102.29,45555.55,46342.66,38150.89478822
2024-01-12,46344.96,46522.2,41444.97,42773.03,46862.43347199
2024-01-13,42775.1,43250,42427,42839.33,10998.76404264
2024-01-14,42839.32,43064.13,41680.73,41697.33,7834.26155365
2024-01-15,41698.13,43331.91,41680,42490.16,10869.45830576
2024-01-16,42481.69,43569.23,42028.02,43130.45,18180.4405406
2024-01-17,43130.35,43185.47,42160,42739.49,16381.8407159
2024-01-18,42737.68,42877.22,40600.05,41293.5,25097.42399202
2024-01-19,41290.57,42159.52,40236.49,41624.07,22745.55271173
2024-01-20,41623.94,41846.15,41418.55,41666.67,4836.63124969
2024-01-21,41666.67,41858.59,41472.49,41554.05,3138.26294449
2024-01-22,41553.92,41658,39372.44,39524.27,26539.34338688
2024-01-23,39524.27,40144.49,38501,39878.3,21966.56334645
2024-01-24,39878.28,40527.26,39382.15,40077.78,17438.97734668
2024-01-25,40079.87,40282.87,39503,39941.66,12978.7331205
2024-01-26,39941.66,42243.14,39805.95,41814.8,19359.37921096
2024-01-27,41814.96,42199.99,41383.94,42126.55,3774.45056434
2024-01-28,42126.55,42839.07,41617.53,42034.59,4298.44263812
2024-01-29,42034.57,43326.77,41787.35,43306.18,12529.09255982
2024-01-30,43303.3,43872.99,42680.2,42942.78,16384.61219735
2024-01-31,42937.72,43741.94,42265.77,42548.08,15320.62044085
2024-02-01,42545.47,43276.19,41846.04,43078.81,11526.63383073
2024-02-02,43080.38,43700,42527.58,43181.66,12202.24125895
2024-02-03,43183.62,43358.13,42863.58,43010.67,2254.45335539
2024-02-04,43007.82,43100,42228.01,42568.55,2643.251649
2024-02-05,42571.91,43520,42235,42657.67,8756.87806894
2024-02-06,42658.3,43372.79,42516.07,43095.79,7940.36830921
2024-02-07,43097.16,44430,42760.44,44343.61,12440.36853251
2024-02-08,44345.94,45637.38,44335,45305.2,19283.80580787
2024-02-09,45304.83,48230.02,45252.93,47160.41,22108.85067543
2024-02-10,47157.01,48179.43,46889.53,47767.06,5663.309891
2024-02-11,47767.06,48614,47590.3,48316.3,5243.1260706
2024-02-12,48321.14,50363.42,47715.67,49941.81,18545.08725852
2024-02-13,49941.95,50423.42,48327.81,49725.36,20471.56790372
2024-02-14,49724.55,52111,49253.92,51858.59,20249.94369733
2024-02-15,51858.51,52890,51353.49,51934.29,18465.04404385
2024-02-16,51935.23,52608.2,51597.87,52162.64,13816.27351282
2024-02-17,52162.65,52214.05,50642.36,51666.22,5387.3486576
2024-02-18,51666.23,52400,51174.38,52153.63,3997.17143898
2024-02-19,52153.63,52501.01,51687.98,51787.05,6009.01451962
2024-02-20,51787.05,53000,50764.01,52277.52,15888.87599974
2024-02-21,52277.53,52394.91,50628.6,51851.67,13735.03407249
2024-02-22,51851.46,52076,50905.65,51258.7,13104.51408087
2024-02-23,51260.29,51512.68,50513.01,50747.05,11679.16625824
2024-02-24,50746.98,51696.19,50576.55,51570.65,3448.96576791
2024-02-25,51568.63,51967.82,51275.01,51731,3617.40106809
2024-02-26,51730.96,54980,50901.23,54533.48,22422.38763854
2024-02-27,54530.32,57646.81,54490.8,57077.07,28791.48651731
2024-02-28,57077.08,64100,56723.48,62518.9,48265.6721171
2024-02-29,62520.06,63675.48,60355.61,61179.03,36825.89535085
2024-03-01,61179.03,63267.18,60788.33,62436.72,24696.65692545
2024-03-02,62439.74,62500,61623.39,62045.78,6882.38410251
2024-03-03,62045.78,63260,61388,63154.49,7314.17629968
2024-03-04,63155.74,68602.98,62300,68360.14,40600.36656889
2024-03-05,68356.7,69324.58,59224.68,63800.78,65575.09537327
2024-03-06,63802.15,67654.06,62832.39,66122.28,34655.98799427
2024-03-07,66115.48,68098.09,65599.63,66938.21,22228.36739914
2024-03-08,66938.21,70199,66157.09,68289.16,33749.52797544
2024-03-09,68289.16,68700.41,68047.62,68480,9005.50992187
2024-03-10,68480.01,70000,68221.13,69032.12,12163.05713369
2024-03-11,69032.8,72943.98,67112.21,72110.98,32332.72583229
2024-03-12,72110.98,73027.63,68603,71475.93,29420.19277654
2024-03-13,71473.43,73709.99,71337.3,73135.04,21455.92195688
2024-03-14,73135.04,73835.57,68454.47,71364.58,34226.602618
2024-03-15,71364.58,72414.96,65565.7,69506.88,40195.84231178
2024-03-16,69514.87,70050,64774.05,65254.22,16532.825303
2024-03-17,65254.22,68877.82,64505,68343.64,12631.85084112
2024-03-18,68354.29,68933.71,66562.65,67613.04,20057.37580028
2024-03-19,67609.39,68136.39,61506,61906.27,40111.97553957
2024-03-20,61902.57,68150,60771.14,67858.8,38590.78345488
2024-03-21,67855.88,68234.56,64525,65484.7,18523.96247162
2024-03-22,65478.98,66651.1,62258.36,63814.56,17807.65930238
2024-03-23,63814.56,66029.09,63013.19,63998.86,7395.08270425
2024-03-24,63998.87,67637.6,63785.57,67204.93,6535.8276512
2024-03-25,67212.69,71269.92,66381.84,69890.28,22228.13803338
2024-03-26,69895.6,71582.96,69269.69,69992.4,15697.73440865
2024-03-27,69994.9,71789.85,68369.62,69435.96,18703.73738295
2024-03-28,69437.16,71635.99,68841.01,70801.18,15224.17928189
2024-03-29,70804.06,70941.7,69036.95,69903.75,7365.03204354
2024-03-30,69903.74,70363.25,69569.03,69626.87,3262.62331859
2024-03-31,69623.86,71399.91,69587.86,71288.9,4424.66955382
2024-04-01,71291.5,71313.8,68055.15,69681.82,13916.60016523
2024-04-02,69681.85,69711,64521.61,65464.14,23496.58634089
2024-04-03,65472,66944.06,64500,65987.92,14506.55934744
2024-04-04,65984.18,69367.19,65073.95,68525.23,18624.08140025
2024-04-05,68528.69,68783.99,66000,67856.51,15515.82134206
2024-04-06,67856.51,69685,67469.19,68919.89,3985.44167764
2024-04-07,68919.57,70312,68846.23,69350.34,5766.41938443
2024-04-08,69350.36,72777,69037.33,71622.53,16648.69284289
2024-04-09,71616.31,71761.37,68200,69117.01,15143.52341376
2024-04-10,69115.79,71159.6,67463.07,70634.04,16655.987797
2024-04-11,70638.4,71305.86,69530,70020.73,11001.16448135
2024-04-12,70020.71,71265.74,65110.31,67148.61,23509.75554216
2024-04-13,67148.62,69100,60822.01,64024.77,27548.47240557
2024-04-14,64021.36,65890.91,62150,65777.05,21604.05147827
2024-04-15,65764.56,66928.82,62315.08,63452.18,21672.73701332
2024-04-16,63452.18,64400,61645.09,63814.94,17710.28213211
2024-04-17,63814.94,64524.14,59648.33,61279.36,21812.15297865
2024-04-18,61275.73,64210,60816.07,63513.85,15249.84211445
2024-04-19,63514.84,65498.99,59573.32,63848.37,22838.07934159
2024-04-20,63841.96,65463.08,63121.15,64968.87,5157.40726514
2024-04-21,64960.82,65725.81,64250,64952.92,4487.48723219
2024-04-22,64952.92,67272.73,64520,66859.17,10977.05178637
2024-04-23,66856.07,67225.66,65823.66,66414.16,8840.16749844
2024-04-24,66418,67077.97,63542.56,64255.78,15083.5524347
2024-04-25,64255.77,65287.69,62747.18,64484.44,13256.29877715
2024-04-26,64484.44,64810,63287.76,63742.39,10151.96247701
2024-04-27,63742.39,63900,62389,63422,5312.16741262
2024-04-28,63422.34,64333.33,62743.81,63108.94,4415.96831554
2024-04-29,63109.76,64200,61741.01,63844.85,10712.13554316
2024-04-30,63845.01,64727.81,59040.3,60622.1,21106.65540758
2024-05-01,60621.2,60785.49,56500,58265.59,26611.9312734
2024-05-02,58267.81,59641.03,56903.79,59071.89,13593.00905888
2024-05-03,59070.3,63365.72,58821.05,62913.03,15954.29032707
2024-05-04,62913.03,64546,62565.82,63902.88,6414.57464352
2024-05-05,63902.88,64636.75,62908.34,64023.45,4474.5195919
2024-05-06,64023.45,65523.44,62704.48,63162.24,11241.77217344
2024-05-07,63161.35,64415.06,62252.64,62315.76,8994.93773002
2024-05-08,62315.75,63013.05,60851.04,61169.53,7486.42596849
2024-05-09,61169.53,63424.14,60601.6,63073.57,8360.0553824
2024-05-10,63073.55,63470,60150,60787.47,11511.12990976
2024-05-11,60787.99,61482,60450.13,60814.63,2338.06810837
2024-05-12,60814.64,61843.45,60576.05,61453.02,2694.97577935
2024-05-13,61453.01,63456.18,60738.51,62932.37,9170.80865115
2024-05-14,62927.44,63103.02,61024.51,61539.84,13456.61307634
2024-05-15,61539.7,66480,61299.57,66244.69,21821.38858725
2024-05-16,66244.68,66772.83,64588.5,65252.18,12012.70197182
2024-05-17,65252.17,67500,65113.46,67046.33,11710.00723895
2024-05-18,67046.34,67407.79,66624.06,66923.87,3880.58113972
2024-05-19,66923.87,67701.91,65852.02,66261.62,3565.11346165
2024-05-20,66260.04,71560.9,66057.03,71432.17,20415.88691709
2024-05-21,71432.16,71980,69146.01,70142.84,16102.06132545
2024-05-22,70142.88,70659.99,68887.52,69109.93,10889.10300904
2024-05-23,69109.93,70066.95,66259,67940.45,14340.27843589
2024-05-24,67932.79,69278.75,66587.91,68547.8,10374.95988085
2024-05-25,68545.52,69605.03,68487.44,69289.67,2501.11901959
2024-05-26,69289.69,69522,68097.38,68473.72,2037.67329089
2024-05-27,68470.8,70613.39,68210.12,69368.72,5384.62278063
2024-05-28,69366.31,69533.96,67194.59,68321.98,11975.93086328
2024-05-29,68321.99,68864.11,67081.66,67569.45,8970.02059069
2024-05-30,67569.44,69536.89,67092.91,68338.58,11841.26381893
2024-05-31,68338.58,69024.71,66584.47,67472.41,10690.85876224
2024-06-01,67473.07,67837.33,67371.28,67719.29,1949.57008052
2024-06-02,67719.29,68411,67260,67735.52,2997.15241527
2024-06-03,67731.14,70295.78,67568,68791,11884.90882705
2024-06-04,68791.04,71108.9,68542.37,70542.32,18042.19396496
2024-06-05,70541.68,71804.13,70356.49,71121.11,10123.1802918
2024-06-06,71120.65,71650.56,70093.98,70773.64,7716.5079994
2024-06-07,70773.63,71974.04,68298.55,69324.53,13768.98185265
2024-06-08,69326.71,69546.58,69126.22,69304.05,2631.94610412
2024-06-09,69303.8,69848.94,69123.99,69637.87,1826.03995531
2024-06-10,69641.08,70187.53,69141.51,69497.73,6088.40363232
2024-06-11,69495.97,69547.82,66018.69,67316.53,17354.68915468
2024-06-12,67316.52,70032,66883.32,68248.6,17140.01139413
2024-06-13,68248.59,68474.49,66200,66738.85,11916.13211129
2024-06-14,66746.46,67322.72,65005,66004.39,11520.15791899
2024-06-15,66004.36,66428.57,65800.86,66192,2004.1421548
2024-06-16,66192,66931.18,65999,66628.75,2118.65163435
2024-06-17,66629.38,67274.96,65050,66481.81,14487.64060903
2024-06-18,66481.81,66574.33,64010.01,65152.8,15937.73176483
2024-06-19,65150.9,65709.26,64635.48,64943.79,4958.38361329
2024-06-20,64945.67,66455.52,64500,64840.88,9346.70807899
2024-06-21,64840.89,65017.1,63300.93,64120.28,9816.79599936
2024-06-22,64120.28,64523.91,63910.01,64235.01,2324.21500373
2024-06-23,64235,64499.95,63125.75,63171.43,2054.79092364
2024-06-24,63169.36,63343.91,58414.28,60263,21418.04594647
2024-06-25,60262.16,62400,60217.36,61789.71,15201.5824773
2024-06-26,61794.47,62470,60656.8,60816.68,11392.79835017
2024-06-27,60818.86,62346.16,60546.94,61615.39,10530.35898848
2024-06-28,61611.43,62170.62,59868,60313.35,11381.0258738
2024-06-29,60312.36,61122.66,60273.8,60885.67,3199.03650127
2024-06-30,60884.44,62942.67,60611.01,62668.26,4263.22924826
2024-07-01,62669.14,63801.26,62448.46,62830.13,12326.70696465
2024-07-02,62830.94,63223.57,61000,62040.22,10688.64132628
2024-07-03,62039.44,62197.01,59332.76,60145.01,12066.71677065
2024-07-04,60145.01,60429.27,56709.73,57042.14,17969.35692426
2024-07-05,57036.45,57515.6,53499.9,56639.43,28052.41501655
2024-07-06,56634.53,58481.97,56020.32,58244.75,6449.32501293
2024-07-07,58240.36,58448.89,55717.23,55854.09,5320.91645368
2024-07-08,55852.61,58200,54278.93,56699.43,19043.04861272
2024-07-09,56701.18,58295.31,56276.37,58047.86,11757.76025902
2024-07-10,58047.86,59481.93,57157.28,57712.59,11619.63229345
2024-07-11,57713.4,59533.06,57036.41,57340.77,11433.53379518
2024-07-12,57343.66,58550,56538.33,57909.03,10516.60400149
2024-07-13,57908.61,59875,57770.92,59224.58,4255.10545721
2024-07-14,59224.58,61428.67,59209.2,60808.42,6132.37403058
2024-07-15,60804.97,64943.61,60666.59,64757.16,20601.73387957
2024-07-16,64757.16,65405.89,62410.33,65088.99,14691.92002303
2024-07-17,65086.55,66139,63853.99,64085.81,10647.79709095
2024-07-18,64085.82,65130.88,63222.6,63982.86,7637.52760383
2024-07-19,63977.64,67504.22,63289.15,66707.61,15163.05745737
2024-07-20,66707.61,67635,66271,67163.83,4671.38885135
2024-07-21,67163.82,68380,65820.18,68181.28,6027.86201344
2024-07-22,68181.16,68495,66569.42,67558.22,11844.79119584
2024-07-23,67560.03,67786.84,65444.3,65939.24,10791.03782177
2024-07-24,65939.24,67131.17,65090.61,65366.4,7702.25551129
2024-07-25,65358.86,66161.98,63412.46,65795.42,10452.25571747
2024-07-26,65795.52,68216.66,65705.6,67924.08,9315.20918753
2024-07-27,67921.46,69418.15,66635.28,67899.41,10233.62198513
2024-07-28,67901.81,68308.82,67021.8,68244.3,3505.5483691
2024-07-29,68244.3,70000,66400.01,66771.45,13641.48475825
2024-07-30,66767.14,66994.15,65283.68,66169.68,8733.57157991
2024-07-31,66169.68,66837.4,64500,64609.62,8986.37529253
2024-08-01,64609.61,65593.56,62212.81,65288.18,15636.72205775
2024-08-02,65293.48,65557.86,61150,61418.06,15390.00963957
2024-08-03,61418.06,62171.58,59819.13,60674.93,8019.39450918
2024-08-04,60674.93,61082.3,57123,58130.95,10319.01091658
2024-08-05,58131.31,58282.83,49050.01,54029.12,59125.78926672
2024-08-06,54037.9,57091.16,53965.57,56048.08,16897.67519536
2024-08-07,56048.07,57757.15,54564.15,55148.1,13971.5151871
2024-08-08,55144.14,62755.24,54737.32,61705.58,20623.04985861
2024-08-09,61704.05,61764.38,59552.46,60862.13,11569.80744379
2024-08-10,60864.71,61500,60255.61,60935.02,3157.63609699
2024-08-11,60935.01,61868.69,58312.63,58722.49,5229.37008498
2024-08-12,58717.44,60721.77,57653.31,59358.78,12183.92944247
2024-08-13,59358.78,61615.43,58402.01,60603.19,10879.76363828
2024-08-14,60603.19,61827.2,58453.56,58690.62,12938.61473824
2024-08-15,58690.62,59883.49,56120,57543.61,14506.63316989
2024-08-16,57543.57,59871.61,57096.56,58888.99,11930.21788221
2024-08-17,58888.99,59711.02,58803.45,59497.49,2787.56355634
2024-08-18,59497.49,60284.99,58422,58437.9,4325.64817169
2024-08-19,58436.2,59639.81,57820,59452.67,8539.29378706
2024-08-20,59455.81,61457.03,58571.96,59017.59,11062.05279919
2024-08-21,59017.59,61849.98,58793.89,61163.28,13380.11101719
2024-08-22,61167.54,61430.48,59750,60383.29,9608.6955368
2024-08-23,60383.28,64987,60343.2,64086.72,17852.77117167
2024-08-24,64091.63,64529.78,63564.22,64179.63,5020.91676004
2024-08-25,64179.63,65050.08,63793.74,64251.93,4012.30764642
2024-08-26,64250.01,64509.36,62806.8,62840,10741.96651081
2024-08-27,62840.09,63226.26,58025.49,59439.64,14195.89496578
2024-08-28,59437.68,60236.98,57851.62,59045.88,10001.12169866
2024-08-29,59047.94,61194.09,58729.39,59364.47,10933.22040343
2024-08-30,59353.12,59929.63,57700,59112.77,9382.9124508
2024-08-31,59117.59,59446.99,58739.31,58968.37,1368.21775121
2024-09-01,58968.37,59070.55,57200,57299,4411.05388122
2024-09-02,57291.21,59423,57119.01,59139.83,4318.6544603
2024-09-03,59138.89,59825.7,57394.49,57468.84,8264.44971184
2024-09-04,57460.5,58531.25,55555,57971,13715.96171494
2024-09-05,57971,58326.12,55628.04,56156.82,12281.57828747
2024-09-06,56156.82,56995,52530,53950.01,18495.45064356
2024-09-07,53950,54847,53733.1,54156.33,3284.57722628
2024-09-08,54159.6,55315.95,53623.95,54881.11,3684.86816392
2024-09-09,54881.1,58119.97,54565.56,57053.9,10203.03329517
2024-09-10,57047.82,58050.35,56377.76,57645.59,6433.21371111
2024-09-11,57641.15,58014.35,55534.41,57352.79,11678.94297124
2024-09-12,57352.92,58600,57311.15,58137.54,10175.62390483
2024-09-13,58137.33,60670,57630.01,60543.35,11935.95544754
2024-09-14,60543.35,60660,59436.8,60012.35,3147.39019631
2024-09-15,60012.34,60402.34,58695.75,59122.33,3975.3568185
2024-09-16,59122.7,59214.15,57477,58208.75,7654.10991835
2024-09-17,58209.76,61373.41,57620.27,60312.6,11701.89074715
2024-09-18,60317.38,61800,59174.5,61769.18,11471.50683029
2024-09-19,61770.38,63891.82,61569.16,62960.14,15075.86835522
2024-09-20,62956.04,64140.67,62340,63210.69,10636.1082809
2024-09-21,63210.94,63575.63,62755,63362.74,1960.85712028
2024-09-22,63362.74,64000,62380.55,63577.66,2882.2341982
2024-09-23,63580.39,64739.67,62566.28,63338.87,7014.74459935
2024-09-24,63338.85,64700,62689.15,64272.93,8933.46473574
2024-09-25,64272.93,64811,62932.8,63130.89,5909.09510453
2024-09-26,63131.13,65865,62652.99,65177.21,12789.85035505
2024-09-27,65176.39,66550,64827.85,65789,9529.0168808
2024-09-28,65787.53,66266.39,65400,65858.99,2755.22680581
2024-09-29,65857.33,66059,65433.29,65600.01,2721.35197741
2024-09-30,65600.01,65624.95,62833.95,63301.25,10629.74147917
2024-10-01,63305.52,64106.75,60150.89,60790,15970.80295516
2024-10-02,60792.63,62380.34,59969.2,60631.37,8764.03050337
2024-10-03,60631.36,61474.92,59824.87,60744.99,7834.55718072
2024-10-04,60745,62481,60454.5,62090.71,7884.21831808
2024-10-05,62090.7,62380.04,61686.34,62051.29,1783.56564961
2024-10-06,62051.29,62978.75,61805.85,62810.86,2086.21821773
2024-10-07,62810.93,64467.02,62113.28,62200.28,10707.1500015
2024-10-08,62203.82,63191.05,61824.48,62122.02,6566.33034742
2024-10-09,62118.44,62507.68,60255,60578.28,7582.36723494
2024-10-10,60578.28,61271.59,58863.9,60279.53,10462.57962276
2024-10-11,60279.53,63416.7,60029.98,62518.75,11454.9900534
2024-10-12,62518.75,63474.25,62464.15,63187.47,3943.90648994
2024-10-13,63183.08,63270.18,62033,62845.3,2257.61460657
2024-10-14,62847.89,66500,62426.67,66065.65,13638.71106556
2024-10-15,66065.64,67944.76,64778.44,67056.6,16324.01191342
2024-10-16,67056.62,68399,66743,67608.44,12465.75691229
2024-10-17,67608.45,67926.99,66629.97,67402.33,7912.22639285
2024-10-18,67399.86,69000.62,67149.24,68426.11,11802.74441943
2024-10-19,68426.11,68689.29,68005.83,68363.73,1868.86958754
2024-10-20,68363.73,69380,68083.18,69014.86,2632.89214855
2024-10-21,69014.87,69498,66802,67346.15,10226.59346669
2024-10-22,67346.15,67800,66535,67380.08,8598.06472763
2024-10-23,67389.7,67415.65,65149.51,66601.11,9021.17140157
2024-10-24,66601.1,68800,66445.32,68156.84,10016.19830413
2024-10-25,68156.84,68742.38,65500.01,66564.51,14485.49253537
2024-10-26,66564.51,67365.18,66331.95,67012.56,2949.2199701
2024-10-27,67008.15,68261.37,66836.78,67943.19,2819.59766921
2024-10-28,67943.18,70235.98,67532.48,69924.5,16140.14013624
2024-10-29,69924.49,73624.98,69705.76,72724.35,20616.91187006
2024-10-30,72724.35,72948.6,71400.01,72322.91,13543.49337837
2024-10-31,72322.91,72684.02,69559.33,70197.83,14726.78460342
2024-11-01,70198.02,71620,68720,69467.29,15295.28781188
2024-11-02,69466.64,69891.92,69000,69358.94,2203.99644104
2024-11-03,69360.95,69364.65,67444,68738.18,6758.88506466
2024-11-04,68736.4,69453.94,66783.77,67807.48,12431.01371517
2024-11-05,67810.15,70557.67,67427.53,69380.73,12867.66127618
2024-11-06,69380.64,76509.56,69285.82,75646.55,45398.11837369
2024-11-07,75646.55,76999,74463.96,75920,21932.40207681
2024-11-08,75925,77312.18,75654.26,76566.73,18378.39876264
2024-11-09,76566.72,76952.67,75758.58,76716.06,4836.57005338
2024-11-10,76716.06,81534.28,76535.33,80428.92,16728.21105103
2024-11-11,80427.69,89666,80277.34,88770.73,35560.11866694
2024-11-12,88770.74,90100,85010,88035.43,40111.80924643
2024-11-13,88035.43,93495,86220.5,90493.82,42318.6909168
2024-11-14,90499.4,91831.25,86672.07,87340.4,23422.75915863
2024-11-15,87338.96,91934.62,87100.83,91058.36,20388.33115227
2024-11-16,91058.36,91820.73,90069.21,90636.24,6598.0269304
2024-11-17,90638.54,91439.82,88713.64,89886.69,5574.55122824
2024-11-18,89877.11,92674.8,89372.65,90520.3,17340.77166451
2024-11-19,90521.32,94105.84,90403.24,92435.89,18267.16111244
2024-11-20,92445.04,94989.99,91600,94393.15,20329.039987
2024-11-21,94384.15,99073.53,94127.2,98439.09,31188.09394751
2024-11-22,98439.1,99860,97209.52,99024.03,29936.62215019
2024-11-23,99024.03,99044.11,97215.01,97778.77,12072.47203722
2024-11-24,97778.78,98700,95780.77,98028.18,8654.77135767
2024-11-25,98032.06,98999,92534.93,93000.01,20695.912495
2024-11-26,93001.48,95004.92,90682.58,91929.54,17848.01962899
2024-11-27,91929.53,97386.06,91747.46,95951.19,15213.90946356
2024-11-28,95951.19,96676.31,94671.59,95665.53,5586.55288339
2024-11-29,95665.53,98750,95383.46,97490.56,12587.02498942
2024-11-30,97489.8,97509.6,96129.73,96465.42,3476.04255853
2024-12-01,96464.95,97895.9,95753.42,97263.18,4039.27591451
2024-12-02,97259.17,98200,94400.63,95862.89,15554.61486745
2024-12-03,95862.89,96310.1,93571.3,95924.52,17898.7046212
2024-12-04,95924.85,99263.2,94634.85,98746.24,17528.92050771
2024-12-05,98746.24,104000,92055.86,97044.23,36399.8182427
2024-12-06,97049.47,102104.12,96424.2,99891.35,17801.21293952
2024-12-07,99885.37,100583.27,99012.73,99929.32,4774.3508777
2024-12-08,99919.2,101435.05,98729.66,101174.99,4230.35225168
2024-12-09,101175,101290.73,94220.8,97324.81,20103.05073464
2024-12-10,97330.66,98338.17,94273.38,96660.76,20620.53877488
2024-12-11,96660.75,101984.98,95722.79,101202.11,21190.23753294
2024-12-12,101211.61,102595,99298.39,100030.47,14796.92456547
2024-12-13,100024.75,101959.13,99220.81,101428.75,13327.59954074
2024-12-14,101428.74,102650,100600,101399.99,4181.40180281
2024-12-15,101400,105100,101221.34,104447.76,7796.33358128
2024-12-16,104445.15,107857.79,103289.21,106099.81,22575.87902891
2024-12-17,106099.98,108388.88,105337.97,106136.99,11994.58863972
2024-12-18,106145.83,106528.13,99939.82,100150.73,22294.42835455
2024-12-19,100148.6,102796.22,95539.67,97372.21,23522.12863874
2024-12-20,97372.2,98132.47,92115.66,97765,21766.62386138
2024-12-21,97762.75,99596.57,96368,97230.08,6451.43271418
2024-12-22,97230.09,97387.98,94182.98,95087.75,4933.50127735
2024-12-23,95091.15,96430.08,92360.91,94764.56,13476.98947566
2024-12-24,94767.88,99444,93426.25,98594.47,13355.36314305
2024-12-25,98594.47,99484.92,97557.48,99346.28,5254.2370598
2024-12-26,99358.67,99887,95083.93,95669.49,11403.37268934
2024-12-27,95669.4,97340.47,93234.31,94171.89,13169.12897588
2024-12-28,94171.7,95534.17,94002.72,95130.82,2722.6591363
2024-12-29,95125.59,95170.06,92841.48,93563.35,3417.52751094
2024-12-30,93563.35,94910.48,91271.19,92620.71,15271.24432744
2024-12-31,92620.7,96148.94,91887.13,93354.22,10348.6325655
2025-01-01,93347.59,94960.91,92743.63,94383.59,6871.73848196
2025-01-02,94383.59,97776.99,94177,96903.19,10912.47383962
2025-01-03,96905.48,98969.92,96016.63,98136.51,9021.88538159
2025-01-04,98139.85,98761.02,97516.65,98209.85,2742.08960614
2025-01-05,98209.85,98814,97250,98345.33,2377.92175899
2025-01-06,98347.65,102500,97900,102279.41,15173.55606778
2025-01-07,102279.41,102735.99,96105.11,96941.98,16587.2869223
2025-01-08,96941.98,97254.35,92500,95036.63,14182.29739458
2025-01-09,95033.18,95363.26,91187,92547.44,9712.37853215
2025-01-10,92547.44,95862.92,92209.25,94701.18,12634.03407823
2025-01-11,94701.48,94983.65,93804.05,94565.02,2638.69956767
2025-01-12,94569.91,95383.84,93670.3,94509.62,2025.81612971
2025-01-13,94507.24,95900,89028.64,94506.45,13094.86359481
2025-01-14,94507.35,97353.29,94311.36,96534.96,11210.74226727
2025-01-15,96534.97,100716.45,96400,100510.23,13610.74729401
2025-01-16,100504.27,100880,97277.58,99981.78,12312.37366854
2025-01-17,99981.46,105970,99937.81,104107,20518.30949325
2025-01-18,104107,104933.15,102233.45,104435,7835.29991824
2025-01-19,104435.01,106314.44,99518,101211.13,13312.63685598
2025-01-20,101217.78,109358.01,99416.27,102145.43,32342.18311338
2025-01-21,102145.42,107291.1,100051,106159.26,19411.23488978
2025-01-22,106159.27,106431.34,103100,103667.11,10730.018962
2025-01-23,103659.6,106870.87,101200.01,103926.36,25064.86499945
2025-01-24,103926.36,107200,102751.92,104850.27,12921.99361413
2025-01-25,104866.13,105294,104104,104733.56,3404.85308291
2025-01-26,104729.92,105478.8,102452.24,102563,4575.36611531
2025-01-27,102565.28,103228.46,97715.03,102062.42,23647.14111877
2025-01-28,102063.92,103770.85,100213.8,101290,9488.53429464
2025-01-29,101290.01,104829.64,101275.6,103747.25,11403.20278905
2025-01-30,103747.25,106484.77,103289.74,104742.64,13061.34881233
2025-01-31,104742.63,106090,101506,102411.26,13313.68104489
2025-02-01,102414.05,102781.65,100250,100623.85,3390.25555744
2025-02-02,100623.88,101459.84,96179,97676.52,10366.65062753
2025-02-03,97676.53,102599.85,91178.01,101460.2,31328.72219576
2025-02-04,101460.15,101812.23,96145.76,97795.05,14168.7031661
2025-02-05,97795.06,99230.49,96161.01,96638.33,9308.59185883
2025-02-06,96635.62,99182.15,95674.96,96564.62,9168.94674634
2025-02-07,96575.24,100235.79,95614.96,96537.08,12171.82534167
2025-02-08,96536.93,96919.05,95682.33,96476.25,2972.45715184
2025-02-09,96476.24,97342.28,94730.67,96475.82,3417.87009701
2025-02-10,96481.47,98367.23,95257.2,97444.41,6375.72539123
2025-02-11,97451.66,98500,94831.07,95774.08,7737.05105717
2025-02-12,95770.95,98119.98,94066.92,97862.53,9078.50356189
2025-02-13,97864.28,98100,95220,96625.29,6803.6078927
2025-02-14,96625.29,98890.11,96268.56,97509.03,7744.67640105
2025-02-15,97507.94,97997.85,97225.01,97596.94,1626.51929078
2025-02-16,97596.54,97738.22,96057.68,96119.88,2174.29326885
2025-02-17,96119.88,97050.64,95200,95781.8,3533.01273263
2025-02-18,95781.8,96730,93333,95607.4,8867.39878431
2025-02-19,95612.97,96880,95000.01,96632.03,6945.44897339
2025-02-20,96632.03,98768.54,96419.07,98347.2,10582.84622768
2025-02-21,98347.2,99517.52,94721.92,96157.03,19298.23921958
2025-02-22,96157.03,96982.52,95767.95,96582.12,7324.02366243
2025-02-23,96578.49,96679.93,95243.91,96265.98,3787.84705335
2025-02-24,96266.23,96515.41,91300,91510.82,12644.0435007
2025-02-25,91509.88,92549.99,85836.18,88583.74,31587.91715546
2025-02-26,88583.17,89305.68,82111.12,84111.78,21568.55463119
2025-02-27,84111.77,86993.87,82554.11,84625.19,16836.55524727
2025-02-28,84627.5,85116.19,78167.81,84297.73,30755.74245077
2025-03-01,84297.74,86534.96,83772.54,86018.76,6852.5441262
2025-03-02,86018.82,95128.88,85003.35,94265.48,16751.22972996
2025-03-03,94265.47,94415.61,85007.01,86161.1,22691.67068614
2025-03-04,86161.09,88977.27,81444,87249.96,23130.37098654
2025-03-05,87247.93,91000,86329.22,90603.73,14900.93396554
2025-03-06,90607.73,92817.29,87790.5,89921.85,13303.43744669
2025-03-07,89915.02,91280,84608.27,86756.98,27137.2022302
2025-03-08,86753.3,86863.38,85200,86206.69,3023.2478665
2025-03-09,86206.64,86480,80000,80699.17,7565.44749561
2025-03-10,80708.21,84033.66,77389,78544.71,21375.10120997
2025-03-11,78548.18,83600,76555,82914.51,17096.37980265
2025-03-12,82911.81,84442.69,80572.21,83659.43,12617.220582
2025-03-13,83659.45,84310.8,79890,81073.43,10506.80043483
2025-03-14,81071.5,85318.61,80771.17,83980.49,10857.45703924
2025-03-15,83989.86,84690.43,83612.24,84351.46,2331.92028578
2025-03-16,84351.45,85092.35,81969.44,82562.57,4059.89765099
2025-03-17,82562.5,84758.46,82416.98,84011.4,7785.97733364
2025-03-18,84011.39,84029.67,81125,82698.76,7316.63296603
2025-03-19,82699.53,87045.45,82535.53,86877.96,13056.03519886
2025-03-20,86877.97,87492.87,83596.75,84183.42,9880.31696275
2025-03-21,84183.41,84809.72,83100,84061.96,6257.63558757
2025-03-22,84061.96,84517.75,83659.69,83852.03,2108.51345069
2025-03-23,83852.06,86128.99,83804.67,86092.94,3467.46945277
2025-03-24,86092.95,88804.64,85533.06,87523.62,13107.50391644
2025-03-25,87518.09,88584.34,86321.97,87427.88,10153.98312373
2025-03-26,87432.82,88304.1,85850,86926.01,6885.71986041
2025-03-27,86926.01,87790.12,85784,87217.48,6904.09386105
2025-03-28,87214.07,87498.15,83533.4,84381.8,10031.80008987
2025-03-29,84381.81,84584.13,81608.99,82616.83,3194.24303663
2025-03-30,82624.06,83508.98,81538.88,82379.98,2472.72302228
2025-03-31,82379.98,83920.8,81265.16,82534.32,6887.94694226
2025-04-01,82534.31,85566.53,82403.32,85170.37,9130.97692565
2025-04-02,85166.92,88530,82283.01,82490.08,16748.28262337
2025-04-03,82490.1,83953.45,81177.7,83174.33,11800.91106566
2025-04-04,83178.68,84720.67,81643.54,83860.16,14593.03092888
2025-04-05,83859.78,84238.35,82346.61,83498.25,2836.42920662
2025-04-06,83505.88,83773.58,77058.99,78370.75,11014.8594773
2025-04-07,78370.15,81223.67,74420.69,79140.01,26706.52930797
2025-04-08,79140.02,80849.98,76167.35,76251.64,14917.02351692
2025-04-09,76258.8,83583.35,74553.01,82594.75,23584.94464084
2025-04-10,82593.15,82730.93,78387.24,79552.34,11876.12778689
2025-04-11,79552.34,84299,78919.94,83380.47,9964.68703141
2025-04-12,83379.64,85909.97,82765.26,85271.01,3972.49282052
2025-04-13,85271.02,86092.99,83010,83733.07,3904.15929557
2025-04-14,83733.07,85818.06,83655.27,84590.36,7247.02343319
2025-04-15,84590.36,86491.4,83592.77,83629.78,6461.77024421
2025-04-16,83622.52,85526.4,83088.02,84028.72,8246.73748903
2025-04-17,84028.71,85494.94,83711.69,84961.97,5865.70077325
2025-04-18,84961.97,85150.94,84287.06,84466.47,1884.07668707
2025-04-19,84466.47,85625,84353.45,85074.99,1683.30746873
2025-04-20,85074.59,85319.21,83972.82,85177.34,1812.14325365
2025-04-21,85177.33,88575.62,85135.98,87522.07,12603.75828155
2025-04-22,87513.53,93952.62,87077.17,93489.1,19460.09432868
2025-04-23,93486.57,94686,91902.19,93740.92,12538.32136507
2025-04-24,93740.93,94061.02,91685.18,94021.96,9320.8086182
2025-04-25,94021.97,95976.34,92880.01,94708.79,14148.6339475
2025-04-26,94707.79,95273.52,93903.01,94666.64,2253.98942317
2025-04-27,94666.64,95351.11,93654.77,93780.57,2304.93789541
2025-04-28,93780.56,95652.66,92829.44,95042.57,7348.4883725
2025-04-29,95042.56,95499,93761.26,94271.09,5979.94472886
2025-04-30,94271.08,95263.74,92911.88,94182.54,6511.31778605
2025-05-01,94182.55,97546.99,94136.79,96524.98,8334.02681063
2025-05-02,96524.98,97948.56,96369.69,96929.81,5709.61012071
2025-05-03,96929.81,96974.78,95765.13,95861.33,2077.55675998
2025-05-04,95865.47,96312.51,94151.67,94272.55,2834.39686495
2025-05-05,94272.54,95218.82,93500.01,94733.99,5181.01206583
2025-05-06,94733.99,96916.25,93363.28,96839.17,6164.34738969
2025-05-07,96843.84,97738.05,95800,97058.32,8328.69875473
2025-05-08,97058.33,104176.05,96888.25,103253.49,15379.43544074
2025-05-09,103252.2,104352.6,102330.76,102986.96,7318.60440182
2025-05-10,102986.94,104997,102831.41,104821.19,3104.17143581
2025-05-11,104817.83,104980.89,103360.22,104137.62,3055.22813204
2025-05-12,104137.58,105787.37,100703.71,102800.21,11005.40673978
2025-05-13,102800.22,105038.53,101447.78,104131.06,8727.89105836
2025-05-14,104131.2,104373,102603.27,103545.38,7628.70177301
2025-05-15,103540.91,104200,101400.01,103786.43,7563.00946962
2025-05-16,103786.4,104616.71,103125.51,103500.03,6881.65708111
2025-05-17,103500.03,103741.98,102612,103161.07,1848.95251021
2025-05-18,103162.53,106692.97,103130.95,106473.46,4130.60889099
2025-05-19,106488.77,107137.68,102105,105616.18,10104.32339011
2025-05-20,105616.21,107355,104209.18,106883.24,8804.38724819
2025-05-21,106883.24,110788.98,106128.14,109699.54,18333.91491262
2025-05-22,109697.19,112000,109217.23,111722.53,11250.38756124
2025-05-23,111722.54,111824.07,106800.01,107329.61,9638.23489571
2025-05-24,107332.08,109517.79,106895.77,107794.01,2611.3560546
2025-05-25,107794.01,109371.04,106632.35,109048.68,2996.9984274
2025-05-26,109048.41,110474.41,108706.04,109464.32,4641.38117417
2025-05-27,109464.33,110829.42,107536.41,108978.46,8827.06917845
2025-05-28,108978.45,109344.89,106790.16,107819.29,6474.20131287
2025-05-29,107819.26,108943.35,105315,105572.58,9305.58410478
2025-05-30,105572.58,106377.66,103634.48,104033.26,7866.16241154
2025-05-31,104033,104965.5,103110.01,104645.87,2403.60824408
2025-06-01,104645.87,105937.46,103800.81,105697.94,2369.92891564
2025-06-02,105697.93,106000,103685.23,105904.94,5818.90812007
2025-06-03,105909.79,106901.68,104910.01,105447.82,6486.4597778
2025-06-04,105443.95,106058.47,104202,104753.38,4505.03599201
2025-06-05,104753.37,105999.68,100345.73,101570.2,10627.57339852
2025-06-06,101570.2,105439.01,101132.91,104397.99,9677.25748525
2025-06-07,104398,106000,103969.7,105619.02,4141.10124271
2025-06-08,105619.02,106548.9,105028.3,105784.4,1998.61011035
2025-06-09,105784.41,110651.12,105368.27,110301.15,6581.24781856
2025-06-10,110299.69,110420.08,108362.14,110300.24,5433.6716937
2025-06-11,110300.25,110435.05,108091.74,108669.37,4603.3324446
2025-06-12,108673.77,108853.74,105706.78,105721.05,5734.67136139
2025-06-13,105716.45,106233,102746.01,106118.7,7441.52465913
2025-06-14,106114.53,106264.36,104351.72,105465.42,2256.48702523
2025-06-15,105465.42,106184.13,104505.05,105599.25,1722.80945227
2025-06-16,105600.21,109000,104982.26,106853.38,5952.98369341
2025-06-17,106853.38,107792.9,103363.3,104590.44,7688.94642443
2025-06-18,104590.44,105603.63,103512.38,104915.6,4918.14382744
2025-06-19,104915.6,105266.61,103916.37,104671.9,2279.05842007
2025-06-20,104671.4,106553.86,102357.25,103317.8,5047.63626176
2025-06-21,103317.79,104013.64,100919.19,102160.03,3287.51327489
2025-06-22,102160.36,103417,98225.01,100996.87,7872.25874446
2025-06-23,100996.87,106135.47,99677.07,105419.39,8910.86676597
2025-06-24,105418.4,106366.29,104681.83,106141,5773.20907668
2025-06-25,106141.01,108206,105875,107400.22,7072.65636297
2025-06-26,107400.22,108345,106605.88,107029.64,4900.22231656
2025-06-27,107029.63,107804.2,106413.79,107113.38,6310.43715745
2025-06-28,107119.17,107599.81,106868.94,107352.2,1227.76803255
2025-06-29,107352.2,108550,107230,108386.44,2154.86170312
2025-06-30,108386.44,108800,106724.76,107173.21,4839.04838063
2025-07-01,107173.21,107579.3,105262,105711.78,5152.72760186
2025-07-02,105711.77,109823.08,105119.7,108888.32,7995.79258367
2025-07-03,108887.03,110590,108574.31,109628.83,6434.57921608
2025-07-04,109628.83,109812.94,107268.84,108028.6,3129.21859997
2025-07-05,108028.6,108454.19,107783.1,108246.65,1513.15428554
2025-07-06,108246.66,109736.64,107837.7,109217.98,1651.18120197
2025-07-07,109217.98,109741.64,107507,108269.84,4455.08353019
2025-07-08,108271.49,109255.99,107438.33,108958.04,3785.3907416
2025-07-09,108953.58,112152.91,108329.87,111282.85,7683.83239574
2025-07-10,111282.84,116842,110541.87,116031.3,12920.20742934
2025-07-11,116031.29,118909.74,115211.74,117582.16,10116.886206
2025-07-12,117582.16,118244.51,116940.82,117472.65,2397.72381256
2025-07-13,117472.65,119500,117238.69,119130.81,3461.0430314
2025-07-14,119130.81,123231.07,118949.18,119863.71,13536.79954839
2025-07-15,119863.71,119973.3,115697.37,117781.64,23726.31356081
2025-07-16,117781.63,120134.8,117033.23,118681.68,9250.98642597
2025-07-17,118681.67,120998.76,117469,119273.69,8360.35130892
2025-07-18,119273.7,120918.68,116892.42,118023.05,8735.40386401
2025-07-19,118023.06,118564.59,117337.59,117914.17,1700.0997198
2025-07-20,117914.17,118921.76,116525,117312.7,2504.59032125
2025-07-21,117315.68,119745.93,116565.01,117428.79,5450.55450292
2025-07-22,117428.79,120300,116185,120026.42,7564.58852928
2025-07-23,120034.21,120180.93,117342.21,118810.44,5526.13819924
2025-07-24,118810.44,119557.7,117190,118397.04,7137.01277011
2025-07-25,118400,118518.2,114750,117633.27,24633.33644271
2025-07-26,117633.27,118371.35,117095.73,117969.63,6974.42930567
2025-07-27,117981.73,119800,117849.99,119465.52,4999.42180703
2025-07-28,119465.52,119839,117380.6,118070.59,7647.38438521
2025-07-29,118074.43,119284.78,116900,117933.39,6070.86335715
2025-07-30,117933.39,118809.43,115728.49,117830.15,4647.7410138
2025-07-31,117830.15,118920,115500,115761.13,4647.6521388
2025-08-01,115756.12,116065.12,112659,113248.73,9196.58441635
2025-08-02,113248.83,114023.58,112000,112542.74,2946.5811158
2025-08-03,112542.75,114794.99,111903.68,114215.73,2212.37278435
2025-08-04,114215.7,115756.06,114118.18,115051.85,4655.53866243
2025-08-05,115056.14,115112.75,112622.14,114112.95,4943.38930608
2025-08-06,114112.95,115749.99,113347.87,115028.83,4481.39474697
2025-08-07,115028.83,117687,114268.6,117515.49,5804.23960803
2025-08-08,117515.69,117687,115800,116683.79,4870.3042426
2025-08-09,116683.79,117937.89,116343.34,116492.51,2586.17129292
2025-08-10,116492.5,119324.08,116480,119309.37,2850.61404026
2025-08-11,119309.37,122319.14,118050,118701.84,7220.80819945
2025-08-12,118701.83,120327,118190.81,120113.18,4615.45835079
2025-08-13,120109.04,123740.24,118931.34,123365.63,8512.8860955
2025-08-14,123365.63,124533,117208.97,118389.79,10154.04939662
2025-08-15,118389.79,119339.57,116859.32,117436.96,4990.799358
2025-08-16,117436.95,118028.68,117222.01,117455.68,1781.69438526
2025-08-17,117455.69,118641.6,117249.49,117488.6,2021.61751952
2025-08-18,117488.59,117633.8,114703.26,116286.76,6762.85366719
2025-08-19,116286.75,116792.87,112696.56,112856.19,7918.58452813
2025-08-20,112853.66,114627.37,112344.11,114276,5764.27605073
2025-08-21,114276,114812,111964,112480.3,6033.74435365
2025-08-22,112480.29,117416.73,111649.75,116908.68,8547.72089091
2025-08-23,116911.9,116999.03,114505,115383.87,2245.41925268
2025-08-24,115383.87,115616.53,110635,113478,4602.76322486
2025-08-25,113478,113645.32,109275.74,110127.74,8509.20658676
2025-08-26,110127.74,112399.99,108670,111788.01,7735.56524843
2025-08-27,111788.04,112683.39,110351.11,111253.21,5151.42127925
2025-08-28,111253.22,113480,110858.78,112574.85,4637.29182209
2025-08-29,112574.84,112642.53,107469.13,108378.32,7806.0938333
2025-08-30,108378.32,108928.79,107369.69,108827.93,2828.67461609
2025-08-31,108827.92,109489.79,108060.79,108247.95,2702.50957636
2025-09-01,108247.95,109907.51,107250,109240.55,5396.96365977
2025-09-02,109240.55,111801.86,108400,111247.94,7398.40595759
2025-09-03,111247.94,112600,110533.77,111756.41,5205.45031255
2025-09-04,111756.4,112235.6,109321,110720.79,5253.71408228
2025-09-05,110714.48,113390,110202.36,110670.02,7218.59124481
2025-09-06,110670.02,111317.65,109993,110212.6,1621.65017738
2025-09-07,110214.21,111600,110200.01,111129.61,1646.11764246
2025-09-08,111120.38,112940.84,110600,112072.57,5158.43294831
2025-09-09,112072.57,113292.96,110765.72,111549.32,5158.45733241
2025-09-10,111546.61,114362.1,110919.55,113983.97,7249.99346721
2025-09-11,113983.98,115554.53,113433.92,115540,5575.3607407
2025-09-12,115540.01,116833.25,114774.19,116106.03,6493.57632751
2025-09-13,116106.03,116378.04,115177.53,115968.35,2173.49651785
2025-09-14,115968.33,116226.61,115166,115314.13,1967.88683794
2025-09-15,115314.12,116802,114395.84,115381.08,6142.67859527
2025-09-16,115381.07,117000,114750,116832.56,6012.58313417
2025-09-17,116832.56,117327.24,114724.57,116484.4,7151.30033814
2025-09-18,116484.4,117998.17,116125.08,117117.99,7140.41942024
2025-09-19,117117.99,117516.36,115132.71,115690.55,5874.11552075
2025-09-20,115690.55,116194.63,115463.22,115752.4,2830.8502542
2025-09-21,115752.9,115900.02,115237.16,115282.27,2071.01892785
2025-09-22,115282.26,115441.37,111761.22,112736.59,8494.39097785
2025-09-23,112736.59,113357,111502.08,112017.21,4512.04618772
2025-09-24,112017.21,113999.98,111066.07,113348.17,4932.88303511
2025-09-25,113348.16,113561.35,108623.7,109035.72,9197.26639402
2025-09-26,109036,110369.99,108645.02,109697.29,6826.16968974
2025-09-27,109697.29,109815.08,109116,109681.16,1950.48703402
2025-09-28,109681.15,112385.84,109230.98,112197.67,2397.09714427
2025-09-29,112197.66,114490,111582.65,114365.07,5553.41779958
2025-09-30,114361.66,114850,112695.85,114067.71,5044.09158186
2025-10-01,114067.71,118718.8,113975.5,118659.97,9687.1228881
2025-10-02,118662.72,121111,118336.01,120621.32,8816.90252269
2025-10-03,120621.33,123996.81,119327.83,122318.4,11835.08733617
2025-10-04,122318.39,122896,121572.64,122458.56,2705.28818527
2025-10-05,122458.55,125750,122195.28,123520.79,5820.77013157
2025-10-06,123520.8,126296,123115.77,124720.09,9135.3086452
2025-10-07,124723.57,125226.34,120636,121393.95,8699.84065383
2025-10-08,121393.96,124254.31,121090.06,123343.25,6727.94848453
2025-10-09,123343.24,123822.08,119713.65,121714.51,6980.15210285
2025-10-10,121714.51,122600,107000,112980.28,22432.34375511
2025-10-11,112976.01,113439.99,109683.96,110768.89,10041.88198008
2025-10-12,110768.9,115847,109687.46,115067.98,9699.03564495
2025-10-13,115067.96,116077.51,113700.27,115274.03,8147.76104518
2025-10-14,115274.03,115514.91,109945.86,113068,11955.35437582
2025-10-15,113072.18,113671.99,110185.87,110804.12,7440.03782479
2025-10-16,110804.11,112021.07,107464.53,108198,14792.78754529
2025-10-17,108197.99,109269.97,103516.75,106463.3,13824.34463474
2025-10-18,106462.09,107535.68,106357.69,107208.91,3552.60959467
2025-10-19,107208.91,109499,106091.25,108676.78,4841.63812975
2025-10-20,108676.77,111748.6,107449.91,110568.06,6286.43529012
2025-10-21,110568.05,114082.29,107444.6,108362.27,12890.45189253
2025-10-22,108357.99,109188.27,106639,107585.98,9311.33986567
2025-10-23,107588.02,111342.6,107511.46,110116.03,6881.35851313
2025-10-24,110116.02,112158.39,109725.51,111042.13,5915.09477083
2025-10-25,111042.13,111968.52,110693.01,111666.21,1478.94798996
2025-10-26,111666.22,115542,111260.33,114548.09,3808.17193597
2025-10-27,114561.69,116410.06,113833.12,114087.06,5491.52581938
2025-10-28,114087.06,116114.13,112203,112906.75,5342.86134585
2025-10-29,112906.75,113690.17,109000,110032.13,6110.48087693
2025-10-30,110031.65,111629.2,106279.33,108308.18,8481.34743643
2025-10-31,108308.02,111066.1,108266.11,109555.27,6858.47522213
2025-11-01,109555.63,110500,109342.47,110052.25,1707.44713625
2025-11-02,110052.25,111221.99,108800,110536.01,3777.57822519
2025-11-03,110533.83,110749,105271.67,106557.98,8657.30683772
2025-11-04,106557.98,107269.85,98892.97,101468.15,17052.82209797
2025-11-05,101468.16,104550,98950,103869,10844.84576039
2025-11-06,103866.67,104191.19,100235.02,101290.5,9488.56911128
2025-11-07,101290.5,104041.99,99170,103284.27,9981.70774039
2025-11-08,103281.79,103350,101422.74,102285.57,4365.22006206
2025-11-09,102285.58,105471.04,101372.58,104694.95,5545.42134633
2025-11-10,104694.23,106653,104240.76,105979.38,7737.06153627
2025-11-11,105979.38,107482,102422.43,103009.35,6574.79380402
2025-11-12,103017.21,105316.64,100803.2,101639.01,6053.08600012
2025-11-13,101636.03,104050,97870,99614.54,12710.66743459
2025-11-14,99610.49,99836.1,93951.32,94503.96,19645.40043753
2025-11-15,94501.08,96747.02,94222.2,95544.94,5157.02031554
2025-11-16,95544.94,96559.61,92943.83,94183.97,7161.13750207
2025-11-17,94182.03,95950,91158.35,92100.6,13319.956338
2025-11-18,92100.6,93775,89183.48,92914.46,16182.4672286
2025-11-19,92914.45,92948,88483.12,91461.6,15642.23320328
2025-11-20,91465.04,93080.91,85980.7,86536.88,18857.80134874
2025-11-21,86531.87,87395.93,80524.65,85068.88,31211.5604643
2025-11-22,85068.85,85547.11,83441.91,84684,7330.52185107
2025-11-23,84683.99,88100,84614.11,86808.28,9786.06365257
2025-11-24,86808.28,89225.6,85213.17,88266.2,14868.61469913
2025-11-25,88264,88486.82,86067.02,87325.01,10484.73675809
2025-11-26,87325,90628.53,86266.95,90468.84,11351.8707199
2025-11-27,90468.83,91925.4,90067.81,91316.7,8201.73046924
2025-11-28,91316.7,93161.86,90220.5,90902.7,9580.37061817
2025-11-29,90902.69,91199.99,90200,90828.06,3143.58444031
2025-11-30,90829.68,91980.8,90353.96,90369.51,3513.48557284
2025-12-01,90364,90433.7,83800,86282.36,16664.36191777
2025-12-02,86282.35,92342,86181.38,91308.05,13162.85699748
2025-12-03,91308.05,94181.41,91024.47,93453.84,9741.98216681
2025-12-04,93452.02,94087.05,90904.73,92093.54,6198.20707297
2025-12-05,92093.7,92716.42,88099.05,89345.29,8310.94183595
2025-12-06,89345.29,90296.32,88932,89267.97,3017.16860213
2025-12-07,89262.8,91779.99,87733.18,90402.29,4070.57697141
2025-12-08,90402.3,92291.96,89599,90653.86,6661.98775031
2025-12-09,90653.86,94640.66,89537.55,92690,9862.67083813
2025-12-10,92690,94500,91556.64,92035.99,8904.69319331
2025-12-11,92035.85,93594.76,89257.98,92542,9119.99377433
2025-12-12,92539.63,92791.26,89500,90278,6137.8902612
2025-12-13,90278,90657,89777.79,90255.32,1542.14542217
2025-12-14,90255.32,90496.16,87565.38,88171.61,3643.36533229
2025-12-15,88174.37,90064.74,85129.63,86417.5,9868.30482589
2025-12-16,86417.5,88148,85250,87854.01,7734.132664
2025-12-17,87854,90336.36,85267.69,86209.77,10021.43107061
2025-12-18,86209.79,89447.75,84400,85460.02,9840.74407994
2025-12-19,85460.85,89365.85,85052.78,88092.65,8046.9179144
2025-12-20,88092.65,88530.6,87780,88324,1807.74517583
2025-12-21,88322.01,89046.44,87501.01,88639.95,2361.91088803
2025-12-22,88639.87,90541.8,87846.17,88556.77,8901.70507789
2025-12-23,88555.03,88896.63,86533.86,87429.32,7050.61151888
2025-12-24,87429.32,88001.2,86350,87609.03,5007.9834145
2025-12-25,87609.02,88534.4,86899,87171.68,2819.32696132
2025-12-26,87171.46,89496.07,86569.53,87296.01,8673.64195064
2025-12-27,87296.17,87914.62,86944.24,87808,1955.01185796
2025-12-28,87806.75,88000,87349.52,87877.29,1859.62245916
2025-12-29,87877.28,90325,86675,87110.78,10415.66618294
2025-12-30,87110.77,89343.52,86704.98,88397.5,8725.01685173
2025-12-31,88397.24,89100,87082.64,87497.94,7261.18123917
2026-01-01,87497.95,88798.99,87361.74,88738.34,4001.39765552
2026-01-02,88742,90935.22,88272.08,89957.99,11442.48043957
2026-01-03,89958,90697,89284.13,90598.02,2951.65444679
2026-01-04,90598.01,91764.64,90598.01,91494,3198.89444605
2026-01-05,91489.03,94825.27,91479.28,93870.06,12349.57555407
2026-01-06,93870.06,94439.63,91203.13,93722.01,9651.48547871
2026-01-07,93722.01,93722.01,90576.24,91279.73,9317.16996001
2026-01-08,91279.73,91580.01,89200,91026,10333.23549339
2026-01-09,91024.01,91944.52,89583.58,90515.45,9272.64438525
2026-01-10,90515.12,90698,90251.43,90385.54,1733.85727298
2026-01-11,90387.36,91173.12,90109,90872.01,2262.85242889
2026-01-12,90878.51,92406.3,90003.46,91188.09,9683.74429824
2026-01-13,91188.08,96250,90925.17,95384.23,17153.5601987
2026-01-14,95385.59,97963.62,94518.63,96955.16,20696.88952587
2026-01-15,96954.02,97176.42,95066.19,95587.65,10619.32790923
2026-01-16,95578.2,95830.49,94229.04,95504,6286.36029783
2026-01-17,95503.99,95600,94980.12,95109.99,1754.07093263
2026-01-18,95109.99,95485,93559.78,93633.53,2607.76939988
2026-01-19,93630,93630,91935.3,92559.66,4993.56556058
2026-01-20,92559.65,92807.99,87767.53,88310.6,11134.88996796
2026-01-21,88310.6,90500,87156,89363.71,12539.4399225
2026-01-22,89363.71,90273.35,88408.65,89463.5,7075.16869109
2026-01-23,89463.51,91147.01,88440.65,89474.93,7381.22299218
2026-01-24,89474.94,89832.72,89007.01,89082.17,1801.82109589
2026-01-25,89082.16,89177.95,86000.13,86561.94,5428.58128865
2026-01-26,86561.94,88787.97,86411.7,88250.01,8219.90069049
2026-01-27,88250,89447.21,87180.01,89116.96,6475.09716863
2026-01-28,89116.96,90476.81,88706.32,89162.4,6636.13609913
2026-01-29,89162.4,89210.16,83216.21,84513.2,14860.94029344
2026-01-30,84513.19,84599,81000.12,84110.99,15232.81199203
2026-01-31,84110.99,84138,75644.15,78648,14855.0734429
2026-02-01,78648,79337.99,75612.75,76895.53,11545.9871474
2026-02-02,76895.99,79339,74502.21,78666.85,21193.37373311
2026-02-03,78666.84,79123.75,72859,75661.49,16467.12531015
2026-02-04,75661.49,76876.54,71703.72,72998,19764.62442772
2026-02-05,72999,73173.96,62181.65,62791,49371.20579141
2026-02-06,62788.28,71707.18,60001,70527.7,43810.88328386
2026-02-07,70521.08,71648.05,67293.26,69244.74,11251.84383408
2026-02-08,69250,72232.17,68840.83,70279.33,8090.44858999
2026-02-09,70279.32,71380.13,68233.01,70101.99,15546.49393947
2026-02-10,70101.98,70489.99,67857,68803.65,11566.41314985
2026-02-11,68803.65,69248,65702.95,67024.93,15121.43118138
2026-02-12,67032.71,68382.9,65065.47,66208,13823.46090185
2026-02-13,66207.99,69434.2,65799.71,68812,12104.28673482
2026-02-14,68812,70531.53,68697.63,69786.96,5586.9814678
2026-02-15,69786.96,70941.65,68020,68792,5965.51322769
2026-02-16,68792,70089.99,67251.81,68858.13,6626.85996745
2026-02-17,68859.55,69199.51,66569.58,67466.7,9122.62622708
2026-02-18,67466.7,68438.84,65812.57,66419.79,9687.16921753
2026-02-19,66419.78,67288.22,65604.63,66972.5,8505.29632895
2026-02-20,66972.49,68294.86,66427.23,67984.42,11349.70677085
2026-02-21,67984.42,68683.27,67516.93,67955.78,3287.0646747
2026-02-22,67955.78,68241.4,67132.81,67617.98,3263.5334723
2026-02-23,67616.01,67656.42,63855,64625.78,15198.01176266
2026-02-24,64625.78,64988.32,62534.61,64068.33,12517.40763597
2026-02-25,64068.33,70020,63912.25,67992.68,17322.54859823
2026-02-26,67992.68,68866.86,66500.92,67490.51,10678.27331982
2026-02-27,67490.5,68223.07,64942.87,65859.94,10276.79604611
2026-02-28,65859.93,67761.55,63019.6,66967.85,9093.24916408
2026-03-01,66971.54,68200,65008.38,65769,8511.88788603
2026-03-02,65771.56,70128.74,65250.12,68832.01,17772.46881037
2026-03-03,68832,69255.36,66138.2,68335.99,12823.7275946
2026-03-04,68335.99,74100,67391.17,72683.26,21142.77079177
2026-03-05,72683.26,73588.24,70639.01,70887.6,10891.71826063
2026-03-06,70887.61,71428.4,67725.14,68108.24,11045.21439575
2026-03-07,68108.23,68544.79,66921.33,67259.62,3245.05107908
2026-03-08,67259.62,68201.16,65618.51,65970.56,5505.17926548
2026-03-09,65970.56,69543,65820.93,68432.17,13303.95615379
2026-03-10,68432.16,71800,68383.5,69960.83,13322.43399947
2026-03-11,69960.83,71358.48,68980.74,70208,9851.72870494
2026-03-12,70208.03,70819.84,69180.01,70531.56,9708.42046678
2026-03-13,70530.02,73968,70398.01,70944.33,12304.21633821
2026-03-14,70944.32,71316,70236.02,71232.02,3174.08339322
2026-03-15,71232.01,73220.8,70868.41,72830.01,5785.61944649
2026-03-16,72830.01,74913.69,72276.24,74886.47,12657.43153702
2026-03-17,74886.46,76022.6,73400.01,73934.11,11357.85437394
2026-03-18,73934.11,74700,70474.83,71245.02,9248.1145105
2026-03-19,71245.01,71628,68772.78,69918.3,7794.02546506
2026-03-20,69917.19,71384.62,69360,70497.01,7315.89355875
2026-03-21,70497.01,71075.92,68562.13,68912.02,2856.70812643
2026-03-22,68912.02,69577,67332.05,67844.94,4889.89870785
2026-03-23,67844.94,71811,67425,70874.23,10354.71705596
2026-03-24,70874.22,71389,68889,70533.49,7238.74499869
2026-03-25,70533.48,72030.29,70357.1,71301.53,7665.36824144
2026-03-26,71301.52,71414.33,68102.36,68769.02,8225.19395173
2026-03-27,68769.02,69128.75,65498.75,66353.34,13681.42559929
2026-03-28,66353.33,67249.65,65876.61,66320.15,4011.39625322
2026-03-29,66320.16,67076.07,64938.66,65956.94,4588.31530898
2026-03-30,65957.95,68129.33,65736.63,66737.18,10707.53083699
2026-03-31,66737.08,68518.1,65924.82,68221.85,11831.5835043
2026-04-01,68221.84,69285.99,67525.59,68112.35,9804.6544448
2026-04-02,68112.34,68652,65696.96,66894.48,8813.97029196
2026-04-03,66899.11,67375.7,66275.01,66959.99,4181.03967015
2026-04-04,66959.98,67535.2,66770.64,67291.73,2412.86305009
2026-04-05,67291.72,69117.6,66600,69005,3810.37749315
2026-04-06,69005,70378.48,68332,68853.61,11182.35365631
2026-04-07,68853.6,72753.97,67710.01,71910.2,11156.72732306
2026-04-08,71910.21,72861.38,70684.65,71085.99,11083.24086941
2026-04-09,71083.99,73147.81,70468.74,71798.01,10707.78813462
2026-04-10,71798.01,73477.87,71431.55,72997.88,10066.64303661
2026-04-11,72997.88,73822.95,72564.35,73086,2795.93594516
2026-04-12,73085.99,73172.14,70512.7,70755.35,4443.04188961
2026-04-13,70755.35,74936.9,70576.27,74446,17452.66428951
2026-04-14,74448,76127.18,73854.5,74179.04,21086.20700901
2026-04-15,74176.09,75458.81,73545,74836.31,7732.11670824
2026-04-16,74839.97,75539.91,73298.01,75163.09,8138.95301491
2026-04-17,75163.09,78390,74558.21,77098.01,15414.90050977
2026-04-18,77098.01,77450.15,75473.81,75736.82,4245.3427458
2026-04-19,75736,76278.36,73777.86,73823.14,5477.34091341
2026-04-20,73823.27,76600,73741.53,75864.86,8979.33512634
2026-04-21,75864.86,76926.37,74817.27,76348.58,7556.91793671
2026-04-22,76355.73,79523,76145,78208.52,11757.91950096
2026-04-23,78208.52,78722.96,76979.99,78281.32,9366.75503457
2026-04-24,78281.32,78607.38,77289,77461.8,7766.77212029
2026-04-25,77461.79,77911.09,77179.2,77650.72,2871.67459101
2026-04-26,77650.72,78943,77346.44,78673.83,3942.05709744
2026-04-27,78673.84,79496,76447.51,77364.42,9288.76247228
2026-04-28,77364.48,77478.99,75646.84,76317.99,6625.83124653
2026-04-29,76317.99,77906.84,74914,75752.88,9665.58304734
2026-04-30,75752.87,76655.95,75290.1,76305.78,6282.45727649
2026-05-01,76305.78,78961.14,76275.01,78234.05,8786.48048854
2026-05-02,78234.05,79155,78034.28,78682.31,2444.21427844
2026-05-03,78682.31,79428.6,78073.01,78558.89,2766.87588315
2026-05-04,78558.88,80750,78205,79852.37,11539.41548269
2026-05-05,79852.37,81799.6,79789.5,80907.72,9129.50056534
2026-05-06,80907.72,82814.23,80699.66,81438.1,8276.53099017
2026-05-07,81438.11,81709.17,79456,80005.38,7038.15097074
2026-05-08,80005.38,80487.39,79520.44,80188.82,3086.74170459
2026-05-09,80188.82,81065.32,80115.33,80655.96,2056.58900174
2026-05-10,80655.97,82450,80273.86,82199.99,3971.08807704
2026-05-11,82199.99,82379,80417.72,81727.06,7031.61760564
2026-05-12,81727.09,81778,79802.51,80484.72,5247.36830885
2026-05-13,80484.72,81293.93,78699.83,79288.26,7960.11188101
2026-05-14,79288.26,82066.22,78885.42,81079.39,13222.23476392
2026-05-15,81078.04,81650,78591.99,79058.51,6789.73368724
2026-05-16,79058.5,79182.02,77608.95,78105.45,3053.43839711
2026-05-17,78105.46,78570,76673.54,77407.59,2500.63873433
2026-05-18,77406.57,77764.28,75992,76943.98,8825.37701993
2026-05-19,76943.96,77350.08,76061.12,76767.48,4874.41365584
2026-05-20,76767.48,77782.61,76433.52,77475.99,6016.20525065
2026-05-21,77475.98,78123.68,76619.02,77547.62,6038.75037562
2026-05-22,77547.25,77833.02,75266.73,75443.91,5132.27865239
2026-05-23,75446.99,77305,74197.11,76650,5619.0521439
2026-05-24,76648.65,77412.32,76000,76975.99,3695.06880542
2026-05-25,76975.99,77834.55,76807.04,77249.07,3335.38172719
2026-05-26,77249.07,78015.46,75555,75826.1,8614.2448817
2026-05-27,75826.1,76033.66,74113.95,74315.98,6385.20290985
2026-05-28,74316.71,74462.4,72445.11,73512.56,8579.08613888
2026-05-29,73512.55,74224.84,72364.13,73366.77,9057.16460696
2026-05-30,73366.77,74029.01,73107.24,73770.69,4015.02525805
2026-05-31,73770.69,74156.59,73288,73575.17,3318.87878933
2026-06-01,73575.18,73978.52,70555,71314.42,10835.86426218
2026-06-02,71314.43,71315.67,66100.01,66658.35,15741.32305621
2026-06-03,66658.45,67416.5,63985.01,64040,15790.02945596
2026-06-04,64039.99,64695,61309.25,63806.02,25533.586511
2026-06-05,63806.02,63906.02,59073.01,61032,28732.71500543
2026-06-06,61031.98,61499.41,59448.45,60850.48,9073.41539934
2026-06-07,60850.48,64234.45,60706.4,63302.73,9793.1727327
2026-06-08,63302.03,64200.02,62365.43,63062.98,11755.65646469
2026-06-09,63062.97,63490.49,60713.5,61586.03,7893.05280005
